URL,OLD_META_DESCRIPTION,OLD_LENGTH,NEW_META_DESCRIPTION,NEW_LENGTH,SOURCE_CHANGED,STATUS
https://bulgaritam.bg/k/bijuta/,Български бижута: сравни размера и закопчаването в информацията от бранда.,74,"Български бижута: сравни размера и закопчаването в информацията от бранда. Съпостави изработката, размерите и важните детайли. Провери ги при бранда.",149,src/components/SeoProductLanding.astro,FIXED
https://bulgaritam.bg/rachno-izraboteni/,Открий ръчно изработени български продукти и подаръци в Българитъм.,67,"Открий ръчно изработени български продукти и подаръци в Българитъм. Ориентирай се по интереси, възраст и конкретен повод. Условията са при бранда.",146,src/components/SeoProductLanding.astro,FIXED
https://bulgaritam.bg/bulgarski-podaratsi/,"Открий идеи за подарък от български брандове за жена, мъж, дете, бебе и специални поводи.",89,"Открий идеи за подарък от български брандове за жена, мъж, дете, бебе и специални поводи. Подреди избора според човека, повода и вида подарък.",142,src/components/SeoProductLanding.astro,FIXED
https://bulgaritam.bg/k/kozmetika/,"Открий българска козметика за лице, тяло и коса от локални марки в Българитъм.",78,"Открий българска козметика за лице, тяло и коса от локални марки в Българитъм. Съпостави формулите според нуждата и своята рутина. Провери ги при бранда.",153,src/components/SeoProductLanding.astro,FIXED
https://bulgaritam.bg/k/kozmetika-lice/,Българска козметика за лице: ориентирай се според грижа за лицето.,66,"Българска козметика за лице: ориентирай се според грижа за лицето. Ориентирай се по нужда, формула и начин на използване. Данните са от бранда.",143,src/components/SeoProductLanding.astro,FIXED
https://bulgaritam.bg/k/damsko-obleklo/,"Разгледай български дамски дрехи от локални марки – рокли, спортни екипи, пижами и други модели.",96,"Разгледай български дамски дрехи от локални марки – рокли, спортни екипи, пижами и други модели. Сравни моделите по материя, кройка, размер и",141,src/components/SeoProductLanding.astro,FIXED
https://bulgaritam.bg/rachno-izraboteni-bizhuta/,Разгледай български ръчно изработени бижута от автори и малки марки в Българитъм.,81,"Разгледай български ръчно изработени бижута от автори и малки марки в Българитъм. Провери материала, размерите и начина на закопчаване.",135,src/components/SeoProductLanding.astro,FIXED
https://bulgaritam.bg/bulgarski-podaratsi/za-mazh/,Открий подарък за мъж от български брандове в Българитъм.,57,"Открий подарък за мъж от български брандове в Българитъм. Ориентирай се по интереси, възраст и конкретен повод. Условията са при бранда.",136,src/components/SeoProductLanding.astro,FIXED
https://bulgaritam.bg/bulgarski-damski-sportni-ekipi/,Български дамски спортни екипи: сравни кройката и размерите в предложенията от български брандове.,98,"Български дамски спортни екипи: сравни кройката и размерите в предложенията от български брандове. Съпостави кройките, материите и начина на носене.",148,src/components/SeoProductLanding.astro,FIXED
https://bulgaritam.bg/bulgarski-podaratsi/za-bebe/,Открий подарък за бебе от български брандове в Българитъм.,58,Открий подарък за бебе от български брандове в Българитъм. Прецени вариантите според повода и предпочитанията. Провери ги при бранда.,133,src/components/SeoProductLanding.astro,IMPROVED_BELOW_135
https://bulgaritam.bg/k/mazhko-obleklo/,"Разгледай български мъжки дрехи от локални марки – анцузи, пуловери, якета, пижами и други модели.",98,"Разгледай български мъжки дрехи от локални марки – анцузи, пуловери, якета, пижами и други модели. Съпостави кройките, материите и начина на носене.",148,src/components/SeoProductLanding.astro,FIXED
https://bulgaritam.bg/bulgarski-podaratsi/za-zhena/,Открий подарък за жена от български брандове в Българитъм.,58,Открий подарък за жена от български брандове в Българитъм. Прецени вариантите според повода и предпочитанията. Провери ги при бранда.,133,src/components/SeoProductLanding.astro,IMPROVED_BELOW_135
https://bulgaritam.bg/bulgarski-podaratsi/za-dete/,Открий подарък за дете от български брандове в Българитъм.,58,Открий подарък за дете от български брандове в Българитъм. Прецени вариантите според повода и предпочитанията. Провери ги при бранда.,133,src/components/SeoProductLanding.astro,IMPROVED_BELOW_135
https://bulgaritam.bg/k/chanti/,Открий чанти в аксесоари от български марки в Българитъм. Подбрани продукти и по-лесно откриване.,97,Открий чанти в аксесоари от български марки в Българитъм. Подбрани продукти и по-лесно откриване. Съпостави вариантите според нуждата и употребата.,147,src/components/SeoProductLanding.astro,FIXED
https://bulgaritam.bg/bizhuta-po-porachka/,Открий бижута по поръчка от български автори.,45,"Открий бижута по поръчка от български автори. Съпостави изработката, размерите и важните детайли. Провери ги при бранда.",120,src/components/SeoProductLanding.astro,IMPROVED_BELOW_135
https://bulgaritam.bg/pamuchni-rokli/,"Памучни рокли: сравни състава, кройката и размерите в предложенията от български брандове.",90,"Памучни рокли: сравни състава, кройката и размерите в предложенията от български брандове. Ориентирай се по състав, силует и таблица с размери.",143,src/components/SeoProductLanding.astro,FIXED
https://bulgaritam.bg/bizhuta-s-perli/,"Бижута с перли: сравни камъка перла, размера и закопчаването в информацията от бранда.",86,"Бижута с перли: сравни камъка перла, размера и закопчаването в информацията от бранда. Ориентирай се по вид бижу, материал, камък и размер.",139,src/components/SeoProductLanding.astro,FIXED
https://bulgaritam.bg/rachno-izraboteni-grivni/,Открий ръчно изработени гривни от български марки и автори.,59,"Открий ръчно изработени гривни от български марки и автори. Провери материала, размерите и начина на закопчаване. Данните са от бранда.",135,src/components/SeoProductLanding.astro,FIXED
https://bulgaritam.bg/mazhki-bizhuta/,Мъжки бижута: сравни размера и закопчаването в информацията от бранда.,70,"Мъжки бижута: сравни размера и закопчаването в информацията от бранда. Ориентирай се по вид бижу, материал, камък и размер. Виж данните от бранда.",146,src/components/SeoProductLanding.astro,FIXED
https://bulgaritam.bg/bulgarski-drehi/pizhami/,Открий български пижами и нощни сетове от локални марки.,56,"Открий български пижами и нощни сетове от локални марки. Сравни моделите по материя, кройка, размер и предназначение. Детайлите са при бранда.",142,src/components/SeoProductLanding.astro,FIXED
https://bulgaritam.bg/pozlateni-bizhuta/,Разгледай български позлатени бижута от локални марки и автори и сравни наличните модели.,89,"Разгледай български позлатени бижута от локални марки и автори и сравни наличните модели. Сравни моделите по материал, размер, детайли и закопчаване.",149,src/components/SeoProductLanding.astro,FIXED
https://bulgaritam.bg/bulgarski-damski-pizhami/,Разгледай български дамски пижами и домашни комплекти от локални марки в Българитъм.,84,"Разгледай български дамски пижами и домашни комплекти от локални марки в Българитъм. Съпостави кройките, материите и начина на носене. Провери ги при",149,src/components/SeoProductLanding.astro,FIXED
https://bulgaritam.bg/beli-rokli/,"Бели рокли: сравни нюанса, кройката и размерите в предложенията от български брандове.",86,"Бели рокли: сравни нюанса, кройката и размерите в предложенията от български брандове. Сравни моделите по материя, кройка, размер и предназначение.",147,src/components/SeoProductLanding.astro,FIXED
https://bulgaritam.bg/obetsi-ot-srebro/,"Обеци от сребро: сравни обеци, материала сребро, размера и закопчаването в информацията от бранда.",98,"Обеци от сребро: сравни обеци, материала сребро, размера и закопчаването в информацията от бранда. Ориентирай се по вид бижу, материал, камък и размер.",151,src/components/SeoProductLanding.astro,FIXED
https://bulgaritam.bg/bulgarski-drehi/rokli/,Български рокли: сравни кройката и размерите в предложенията от български брандове.,83,"Български рокли: сравни кройката и размерите в предложенията от български брандове. Съпостави кройките, материите и начина на носене. Провери ги при",148,src/components/SeoProductLanding.astro,FIXED
https://bulgaritam.bg/svatben-album-rachna-izrabotka/,Открий сватбен албум ръчна изработка от български автори.,57,"Открий сватбен албум ръчна изработка от български автори. Ориентирай се по функция, изработка и приложението им. Данните са от бранда.",134,src/components/SeoProductLanding.astro,IMPROVED_BELOW_135
https://bulgaritam.bg/k/za-glava/,Разгледай български аксесоари за коса от локални марки и открий наличните модели в Българитъм.,94,Разгледай български аксесоари за коса от локални марки и открий наличните модели в Българитъм. Съпостави вариантите според нуждата и употребата.,144,src/components/SeoProductLanding.astro,FIXED
https://bulgaritam.bg/k/kolani/,Разгледай български колани от локални марки и открий наличните модели на едно място.,84,"Разгледай български колани от локални марки и открий наличните модели на едно място. Провери материалите, особеностите и начина на използване.",142,src/components/SeoProductLanding.astro,FIXED
https://bulgaritam.bg/k/kozmetika-tyalo/,"Разгледай българска козметика за тяло от локални марки – сапуни, душ гелове, кремове и масла.",93,"Разгледай българска козметика за тяло от локални марки – сапуни, душ гелове, кремове и масла. Ориентирай се по нужда, формула и начин на използване.",148,src/components/SeoProductLanding.astro,FIXED
https://bulgaritam.bg/rachno-izraboteni-obetsi/,Открий ръчно изработени обеци от български автори.,50,"Открий ръчно изработени обеци от български автори. Сравни моделите по материал, размер, детайли и закопчаване. Детайлите са при бранда.",135,src/components/SeoProductLanding.astro,FIXED
https://bulgaritam.bg/k/kozmetika-kosa/,Българска козметика за коса: ориентирай се според грижа за косата.,66,"Българска козметика за коса: ориентирай се според грижа за косата. Провери съставките, типа грижа и указанията за употреба. Виж данните от бранда.",146,src/components/SeoProductLanding.astro,FIXED
https://bulgaritam.bg/roklya-saten/,"Сатенени рокли: сравни състава, кройката и размерите в предложенията от български брандове.",91,"Сатенени рокли: сравни състава, кройката и размерите в предложенията от български брандове. Сравни моделите по материя, кройка, размер и предназначение.",152,src/components/SeoProductLanding.astro,FIXED
https://bulgaritam.bg/bizhuta-s-tsitrin/,"Бижута с цитрин: сравни камъка цитрин, размера и закопчаването в информацията от бранда.",88,"Бижута с цитрин: сравни камъка цитрин, размера и закопчаването в информацията от бранда. Съпостави изработката, размерите и важните детайли.",140,src/components/SeoProductLanding.astro,FIXED
https://bulgaritam.bg/bizhuta-s-moysanit/,"Бижута с мойсанит: сравни камъка мойсанит, размера и закопчаването в информацията от бранда.",92,"Бижута с мойсанит: сравни камъка мойсанит, размера и закопчаването в информацията от бранда. Ориентирай се по вид бижу, материал, камък и размер.",145,src/components/SeoProductLanding.astro,FIXED
https://bulgaritam.bg/kozmetika-za-protiv-brachki/,Козметика против бръчки: ориентирай се според грижа при бръчки.,63,Козметика против бръчки: ориентирай се според грижа при бръчки. Съпостави формулите според нуждата и своята рутина. Провери ги при бранда.,138,src/components/SeoProductLanding.astro,FIXED
https://bulgaritam.bg/zlatna-obetsa/,"Златни обеци: сравни обеци, материала злато, размера и закопчаването в информацията от бранда.",94,"Златни обеци: сравни обеци, материала злато, размера и закопчаването в информацията от бранда. Съпостави изработката, размерите и важните детайли.",146,src/components/SeoProductLanding.astro,FIXED
https://bulgaritam.bg/p/cheresha/,Открий Череша от 2 Лета в Българитъм. Подбрани български продукти с неповторим дизайн и качество.,97,"Натурален черешов ликьор „Череша“ от 2 Лета, 25% алк. и 500 мл, приготвен чрез мацерация на пресни череши в черешов дестилат.",125,src/pages/p/[slug].astro,IMPROVED_BELOW_135
https://bulgaritam.bg/bizhuta-s-rubin/,"Бижута с рубин: сравни камъка рубин, размера и закопчаването в информацията от бранда.",86,"Бижута с рубин: сравни камъка рубин, размера и закопчаването в информацията от бранда. Ориентирай се по вид бижу, материал, камък и размер.",139,src/components/SeoProductLanding.astro,FIXED
https://bulgaritam.bg/rozovi-rokli/,"Розови рокли: сравни нюанса, кройката и размерите в предложенията от български брандове.",88,"Розови рокли: сравни нюанса, кройката и размерите в предложенията от български брандове. Ориентирай се по състав, силует и таблица с размери.",141,src/components/SeoProductLanding.astro,FIXED
https://bulgaritam.bg/zlatna-grivna/,"Златни гривни: сравни гривни, материала злато, размера и закопчаването в информацията от бранда.",96,"Златни гривни: сравни гривни, материала злато, размера и закопчаването в информацията от бранда. Сравни моделите по материал, размер, детайли и",143,src/components/SeoProductLanding.astro,FIXED
https://bulgaritam.bg/kozmetika-za-chuvstvitelna-kozha/,Козметика за чувствителна кожа: ориентирай се според чувствителна кожа.,71,"Козметика за чувствителна кожа: ориентирай се според чувствителна кожа. Сравни продуктите по предназначение, състав и употреба. Детайлите са при бранда.",152,src/components/SeoProductLanding.astro,FIXED
https://bulgaritam.bg/bulgarska-kozmetika-s-roza/,Българска козметика с розово масло: ориентирай се според съставката розово масло.,81,Българска козметика с розово масло: ориентирай се според съставката розово масло. Съпостави формулите според нуждата и своята рутина. Провери ги при,148,src/components/SeoProductLanding.astro,FIXED
https://bulgaritam.bg/kozmetika-s-shafran/,Козметика с шафран: ориентирай се според съставката шафран.,59,"Козметика с шафран: ориентирай се според съставката шафран. Ориентирай се по нужда, формула и начин на използване. Данните са от бранда.",136,src/components/SeoProductLanding.astro,FIXED
https://bulgaritam.bg/k/detsko-obleklo/,Открий облекло в деца от български марки в Българитъм. Подбрани продукти и по-лесно откриване.,94,Открий облекло в деца от български марки в Българитъм. Подбрани продукти и по-лесно откриване. Съпостави вариантите според нуждата и употребата.,144,src/components/SeoProductLanding.astro,FIXED
https://bulgaritam.bg/bizhuta-s-labradorit/,"Бижута с лабрадорит: сравни камъка лабрадорит, размера и закопчаването в информацията от бранда.",96,"Бижута с лабрадорит: сравни камъка лабрадорит, размера и закопчаването в информацията от бранда. Ориентирай се по вид бижу, материал, камък и размер.",149,src/components/SeoProductLanding.astro,FIXED
https://bulgaritam.bg/kozmetika-za-suha-kosa/,Козметика за суха коса: ориентирай се според грижа за суха коса.,64,"Козметика за суха коса: ориентирай се според грижа за суха коса. Провери съставките, типа грижа и указанията за употреба. Виж данните от бранда.",144,src/components/SeoProductLanding.astro,FIXED
https://bulgaritam.bg/bizhuta-s-izumrud/,"Бижута с изумруд: сравни камъка изумруд, размера и закопчаването в информацията от бранда.",90,"Бижута с изумруд: сравни камъка изумруд, размера и закопчаването в информацията от бранда. Ориентирай се по вид бижу, материал, камък и размер.",143,src/components/SeoProductLanding.astro,FIXED
https://bulgaritam.bg/bulgarski-domashni-chehli/,Български домашни чехли: сравни кройката и размерите в предложенията от български брандове.,91,"Български домашни чехли: сравни кройката и размерите в предложенията от български брандове. Сравни моделите по материя, кройка, размер и предназначение.",152,src/components/SeoProductLanding.astro,FIXED
https://bulgaritam.bg/esenni-rokli/,"Есенни рокли: сравни сезонността, кройката и размерите в предложенията от български брандове.",93,"Есенни рокли: сравни сезонността, кройката и размерите в предложенията от български брандове. Провери материята, размерите и указанията за поддръжка.",149,src/components/SeoProductLanding.astro,FIXED
https://bulgaritam.bg/bulgarski-leneni-drehi/,"Български ленени дрехи: сравни състава, кройката и размерите в предложенията от български брандове.",99,"Български ленени дрехи: сравни състава, кройката и размерите в предложенията от български брандове. Съпостави кройките, материите и начина на носене.",149,src/components/SeoProductLanding.astro,FIXED
https://bulgaritam.bg/bulgarski-suveniri/,Открий български сувенири и малки локални находки в Българитъм.,63,"Открий български сувенири и малки локални находки в Българитъм. Сравни предложенията по вид, материали и предназначение. Детайлите са при бранда.",145,src/components/SeoProductLanding.astro,FIXED
https://bulgaritam.bg/boho-roklya/,Бохо рокли: сравни кройката и размерите в предложенията от български брандове.,78,"Бохо рокли: сравни кройката и размерите в предложенията от български брандове. Ориентирай се по състав, силует и таблица с размери. Данните са от бранда.",153,src/components/SeoProductLanding.astro,FIXED
https://bulgaritam.bg/bulgarski-ezhednevni-rokli/,Български ежедневни рокли: сравни кройката и размерите в предложенията от български брандове.,93,"Български ежедневни рокли: сравни кройката и размерите в предложенията от български брандове. Ориентирай се по състав, силует и таблица с размери.",146,src/components/SeoProductLanding.astro,FIXED
https://bulgaritam.bg/bulgarska-bio-kozmetika/,Разгледай българска био козметика от локални марки в Българитъм.,64,"Разгледай българска био козметика от локални марки в Българитъм. Ориентирай се по нужда, формула и начин на използване. Данните са от бранда.",141,src/components/SeoProductLanding.astro,FIXED
https://bulgaritam.bg/sinya-roklya/,"Сини рокли: сравни нюанса, кройката и размерите в предложенията от български брандове.",86,"Сини рокли: сравни нюанса, кройката и размерите в предложенията от български брандове. Ориентирай се по състав, силует и таблица с размери.",139,src/components/SeoProductLanding.astro,FIXED
https://bulgaritam.bg/cherna-roklya/,"Черни рокли: сравни нюанса, кройката и размерите в предложенията от български брандове.",87,"Черни рокли: сравни нюанса, кройката и размерите в предложенията от български брандове. Провери материята, размерите и указанията за поддръжка.",143,src/components/SeoProductLanding.astro,FIXED
https://bulgaritam.bg/damski-rokli-s-kas-rakav/,Дамски рокли с къс ръкав: сравни кройката и размерите в предложенията от български брандове.,92,"Дамски рокли с къс ръкав: сравни кройката и размерите в предложенията от български брандове. Съпостави кройките, материите и начина на носене.",142,src/components/SeoProductLanding.astro,FIXED
https://bulgaritam.bg/sportni-rokli/,Спортни рокли: сравни кройката и размерите в предложенията от български брандове.,81,"Спортни рокли: сравни кройката и размерите в предложенията от български брандове. Съпостави кройките, материите и начина на носене. Провери ги при бранда.",154,src/components/SeoProductLanding.astro,FIXED
https://bulgaritam.bg/bulgarski-boti/,Български боти: сравни кройката и размерите в предложенията от български брандове.,82,"Български боти: сравни кройката и размерите в предложенията от български брандове. Ориентирай се по състав, силует и таблица с размери.",135,src/components/SeoProductLanding.astro,FIXED
https://bulgaritam.bg/k/detski-knigi/,Открий детски книги в деца от български марки в Българитъм. Подбрани продукти и по-лесно откриване.,99,Открий детски книги в деца от български марки в Българитъм. Подбрани продукти и по-лесно откриване. Съпостави вариантите според нуждата и употребата.,149,src/components/SeoProductLanding.astro,FIXED
https://bulgaritam.bg/kozmetika-za-dehidratirana-kozha/,Козметика за дехидратирана кожа: ориентирай се според дехидратирана кожа.,73,"Козметика за дехидратирана кожа: ориентирай се според дехидратирана кожа. Сравни продуктите по предназначение, състав и употреба. Детайлите са при бранда.",154,src/components/SeoProductLanding.astro,FIXED
https://bulgaritam.bg/p/roklya-dot/,Открий Рокля Dot от DVETE в Българитъм. Подбрани български продукти с неповторим дизайн и качество.,99,"Дамска рокля Dot от DVETE с десен на точки, предлагана в размери S, M и L. Виж модела, снимките и актуалните условия при бранда.",128,src/pages/p/[slug].astro,IMPROVED_BELOW_135
https://bulgaritam.bg/mazhki-leneni-rizi/,"Мъжки ленени ризи: сравни състава, кройката и размерите в предложенията от български брандове.",94,"Мъжки ленени ризи: сравни състава, кройката и размерите в предложенията от български брандове. Ориентирай се по състав, силует и таблица с размери.",147,src/components/SeoProductLanding.astro,FIXED
https://bulgaritam.bg/svetlosinya-roklya/,"Светлосини рокли: сравни нюанса, кройката и размерите в предложенията от български брандове.",92,"Светлосини рокли: сравни нюанса, кройката и размерите в предложенията от български брандове. Провери материята, размерите и указанията за поддръжка.",148,src/components/SeoProductLanding.astro,FIXED
https://bulgaritam.bg/k/grim/,Разгледай български грим от локални марки в Българитъм.,55,Разгледай български грим от локални марки в Българитъм. Съпостави формулите според нуждата и своята рутина. Провери ги при бранда.,130,src/components/SeoProductLanding.astro,IMPROVED_BELOW_135
https://bulgaritam.bg/chervena-roklya/,"Червени рокли: сравни нюанса, кройката и размерите в предложенията от български брандове.",89,"Червени рокли: сравни нюанса, кройката и размерите в предложенията от български брандове. Ориентирай се по състав, силует и таблица с размери.",142,src/components/SeoProductLanding.astro,FIXED
https://bulgaritam.bg/bulgarski-drehi/obuvki/,Разгледай български обувки от локални марки и открий наличните модели на едно място.,84,"Разгледай български обувки от локални марки и открий наличните модели на едно място. Провери материята, размерите и указанията за поддръжка.",140,src/components/SeoProductLanding.astro,FIXED
https://bulgaritam.bg/balgarski-maratonki/,Български маратонки: сравни кройката и размерите в предложенията от български брандове.,87,"Български маратонки: сравни кройката и размерите в предложенията от български брандове. Ориентирай се по състав, силует и таблица с размери.",140,src/components/SeoProductLanding.astro,FIXED
https://bulgaritam.bg/tamnosinya-roklya/,"Тъмносини рокли: сравни нюанса, кройката и размерите в предложенията от български брандове.",91,"Тъмносини рокли: сравни нюанса, кройката и размерите в предложенията от български брандове. Сравни моделите по материя, кройка, размер и предназначение.",152,src/components/SeoProductLanding.astro,FIXED
https://bulgaritam.bg/bizhuta-s-diamanti/,"Бижута с диаманти: сравни камъка диамант, размера и закопчаването в информацията от бранда.",91,"Бижута с диаманти: сравни камъка диамант, размера и закопчаването в информацията от бранда. Провери материала, размерите и начина на закопчаване.",145,src/components/SeoProductLanding.astro,FIXED
https://bulgaritam.bg/damski-rokli-s-dalag-rakav/,Дамски рокли с дълъг ръкав: сравни кройката и размерите в предложенията от български брандове.,94,"Дамски рокли с дълъг ръкав: сравни кройката и размерите в предложенията от български брандове. Ориентирай се по състав, силует и таблица с размери.",147,src/components/SeoProductLanding.astro,FIXED
https://bulgaritam.bg/kozmetika-za-uvredena-kosa/,Козметика за увредена коса: ориентирай се според грижа за увредена коса.,72,Козметика за увредена коса: ориентирай се според грижа за увредена коса. Съпостави формулите според нуждата и своята рутина. Провери ги при бранда.,147,src/components/SeoProductLanding.astro,FIXED
https://bulgaritam.bg/k/detski-igrachki/,Открий играчки в деца от български марки в Българитъм. Подбрани продукти и по-лесно откриване.,94,Открий играчки в деца от български марки в Българитъм. Подбрани продукти и по-лесно откриване. Съпостави вариантите според нуждата и употребата.,144,src/components/SeoProductLanding.astro,FIXED
https://bulgaritam.bg/kafyava-roklya/,"Кафяви рокли: сравни нюанса, кройката и размерите в предложенията от български брандове.",88,"Кафяви рокли: сравни нюанса, кройката и размерите в предложенията от български брандове. Сравни моделите по материя, кройка, размер и предназначение.",149,src/components/SeoProductLanding.astro,FIXED
https://bulgaritam.bg/p/samodiva/,Открий Самодива от КИТНА в Българитъм. Подбрани български продукти с неповторим дизайн и качество.,98,"Дамска рокля „Самодива“ от КИТНА, изработена от лиосел с бродерия, вдъхновена от българските традиции и предлагана в бяло и черно.",130,src/pages/p/[slug].astro,IMPROVED_BELOW_135
https://bulgaritam.bg/bulgarski-mazhki-pizhami/,Мъжки пижами: сравни кройката и размерите в предложенията от български брандове.,80,"Мъжки пижами: сравни кройката и размерите в предложенията от български брандове. Провери материята, размерите и указанията за поддръжка.",136,src/components/SeoProductLanding.astro,FIXED
https://bulgaritam.bg/kozmetika-za-mazna-kozha/,Козметика за мазна кожа: ориентирай се според мазна кожа.,57,Козметика за мазна кожа: ориентирай се според мазна кожа. Съпостави формулите според нуждата и своята рутина. Провери ги при бранда.,132,src/components/SeoProductLanding.astro,IMPROVED_BELOW_135
https://bulgaritam.bg/bulgarski-oficialni-rokli/,Български официални рокли: сравни кройката и размерите в предложенията от български брандове.,93,"Български официални рокли: сравни кройката и размерите в предложенията от български брандове. Съпостави кройките, материите и начина на носене.",143,src/components/SeoProductLanding.astro,FIXED
https://bulgaritam.bg/bulgarski-mazhki-yaketa/,Открий български мъжки якета от локални марки.,46,"Открий български мъжки якета от локални марки. Съпостави кройките, материите и начина на носене. Провери ги при бранда.",119,src/components/SeoProductLanding.astro,IMPROVED_BELOW_135
https://bulgaritam.bg/kozmetika-za-suha-kozha/,Козметика за суха кожа: ориентирай се според суха кожа.,55,"Козметика за суха кожа: ориентирай се според суха кожа. Ориентирай се по нужда, формула и начин на използване. Данните са от бранда.",132,src/components/SeoProductLanding.astro,IMPROVED_BELOW_135
https://bulgaritam.bg/zlatni-kolieta/,"Златни колиета: сравни колиета, материала злато, размера и закопчаването в информацията от бранда.",98,"Златни колиета: сравни колиета, материала злато, размера и закопчаването в информацията от бранда. Ориентирай се по вид бижу, материал, камък и размер.",151,src/components/SeoProductLanding.astro,FIXED
https://bulgaritam.bg/byala-damska-riza/,"Бели дамски ризи: сравни нюанса, кройката и размерите в предложенията от български брандове.",92,"Бели дамски ризи: сравни нюанса, кройката и размерите в предложенията от български брандове. Сравни моделите по материя, кройка, размер и предназначение.",153,src/components/SeoProductLanding.astro,FIXED
https://bulgaritam.bg/cherna-riza/,"Черни ризи: сравни нюанса, кройката и размерите в предложенията от български брандове.",86,"Черни ризи: сравни нюанса, кройката и размерите в предложенията от български брандове. Провери материята, размерите и указанията за поддръжка.",142,src/components/SeoProductLanding.astro,FIXED
https://bulgaritam.bg/rozova-riza/,"Розови ризи: сравни нюанса, кройката и размерите в предложенията от български брандове.",87,"Розови ризи: сравни нюанса, кройката и размерите в предложенията от български брандове. Провери материята, размерите и указанията за поддръжка.",143,src/components/SeoProductLanding.astro,FIXED
https://bulgaritam.bg/k/belio/,Българско бельо: сравни кройката и размерите в предложенията от български брандове.,83,"Българско бельо: сравни кройката и размерите в предложенията от български брандове. Съпостави кройките, материите и начина на носене. Провери ги при",148,src/components/SeoProductLanding.astro,FIXED
https://bulgaritam.bg/grivna-s-bukva/,"Гривни с буква: сравни гривни, детайла буква, размера и закопчаването в информацията от бранда.",95,"Гривни с буква: сравни гривни, детайла буква, размера и закопчаването в информацията от бранда. Съпостави изработката, размерите и важните детайли.",147,src/components/SeoProductLanding.astro,FIXED
https://bulgaritam.bg/bulgarska-bebeshka-kozmetika/,Българска бебешка козметика: ориентирай се според бебешка грижа.,64,"Българска бебешка козметика: ориентирай се според бебешка грижа. Сравни предложенията по вид, материали и предназначение. Детайлите са при бранда.",146,src/components/SeoProductLanding.astro,FIXED
https://bulgaritam.bg/grivna-s-krast/,"Гривни с кръст: сравни гривни, детайла кръст, размера и закопчаването в информацията от бранда.",95,"Гривни с кръст: сравни гривни, детайла кръст, размера и закопчаването в информацията от бранда. Съпостави изработката, размерите и важните детайли.",147,src/components/SeoProductLanding.astro,FIXED
https://bulgaritam.bg/bulgarski-mazhki-puloveri/,Открий български мъжки пуловери от локални марки.,49,"Открий български мъжки пуловери от локални марки. Провери материята, размерите и указанията за поддръжка. Виж данните от бранда.",128,src/components/SeoProductLanding.astro,IMPROVED_BELOW_135
https://bulgaritam.bg/balni-rokli/,Бални рокли: сравни кройката и размерите в предложенията от български брандове.,79,"Бални рокли: сравни кройката и размерите в предложенията от български брандове. Провери материята, размерите и указанията за поддръжка.",135,src/components/SeoProductLanding.astro,FIXED
https://bulgaritam.bg/kozmetika-za-mazna-kosa/,Козметика за мазна коса: ориентирай се според грижа за мазна коса.,66,"Козметика за мазна коса: ориентирай се според грижа за мазна коса. Сравни продуктите по предназначение, състав и употреба. Детайлите са при бранда.",147,src/components/SeoProductLanding.astro,FIXED
https://bulgaritam.bg/zhalta-roklya/,"Жълти рокли: сравни нюанса, кройката и размерите в предложенията от български брандове.",87,"Жълти рокли: сравни нюанса, кройката и размерите в предложенията от български брандове. Ориентирай се по състав, силует и таблица с размери.",140,src/components/SeoProductLanding.astro,FIXED
https://bulgaritam.bg/rachno-izraboteni-sveshti/,Открий ръчно изработени свещи от български марки.,49,"Открий ръчно изработени свещи от български марки. Сравни предложенията по вид, материали и предназначение. Детайлите са при бранда.",131,src/components/SeoProductLanding.astro,IMPROVED_BELOW_135
https://bulgaritam.bg/bulgarski-mazhki-obuvki/,Открий български мъжки обувки от локални марки в Българитъм.,60,"Открий български мъжки обувки от локални марки в Българитъм. Сравни моделите по материя, кройка, размер и предназначение. Детайлите са при бранда.",146,src/components/SeoProductLanding.astro,FIXED
https://bulgaritam.bg/zeleno-palto/,"Зелени палта: сравни нюанса, кройката и размерите в предложенията от български брандове.",88,"Зелени палта: сравни нюанса, кройката и размерите в предложенията от български брандове. Сравни моделите по материя, кройка, размер и предназначение.",149,src/components/SeoProductLanding.astro,FIXED
https://bulgaritam.bg/bizhuta-s-hematit/,"Бижута с хематит: сравни камъка хематит, размера и закопчаването в информацията от бранда.",90,"Бижута с хематит: сравни камъка хематит, размера и закопчаването в информацията от бранда. Ориентирай се по вид бижу, материал, камък и размер.",143,src/components/SeoProductLanding.astro,FIXED
https://bulgaritam.bg/naturalna-bulgarska-kozmetika/,Българска натурална козметика: ориентирай се според вида грижа и състава.,73,"Българска натурална козметика: ориентирай се според вида грижа и състава. Ориентирай се по нужда, формула и начин на използване. Данните са от бранда.",150,src/components/SeoProductLanding.astro,FIXED
https://bulgaritam.bg/bulgarski-mazhki-antsuzi/,Открий български мъжки анцузи от локални марки в Българитъм.,60,"Открий български мъжки анцузи от локални марки в Българитъм. Провери материята, размерите и указанията за поддръжка. Виж данните от бранда.",139,src/components/SeoProductLanding.astro,FIXED
https://bulgaritam.bg/kutiya-za-bizhuta/,Открий кутия за бижута от български брандове в Българитъм.,58,"Открий кутия за бижута от български брандове в Българитъм. Ориентирай се по функция, изработка и приложението им. Данните са от бранда.",135,src/components/SeoProductLanding.astro,FIXED
https://bulgaritam.bg/k/kozmetika-za-mazhe/,Открий за мъже в козметика от български марки в Българитъм. Подбрани продукти и по-лесно откриване.,99,"Открий за мъже в козметика от български марки в Българитъм. Подбрани продукти и по-лесно откриване. Ориентирай се по нужда, формула и начин на използване.",154,src/components/SeoProductLanding.astro,FIXED
https://bulgaritam.bg/dankova-roklya/,"Дънкови рокли: сравни състава, кройката и размерите в предложенията от български брандове.",90,"Дънкови рокли: сравни състава, кройката и размерите в предложенията от български брандове. Ориентирай се по състав, силует и таблица с размери.",143,src/components/SeoProductLanding.astro,FIXED
https://bulgaritam.bg/k/igri/,Открий игри в забавление от български марки в Българитъм. Подбрани продукти и по-лесно откриване.,97,Открий игри в забавление от български марки в Българитъм. Подбрани продукти и по-лесно откриване. Съпостави вариантите според нуждата и употребата.,147,src/components/SeoProductLanding.astro,FIXED
https://bulgaritam.bg/p/set-lora/,Открий Сет Лора от OMAYA в Българитъм. Подбрани български продукти с неповторим дизайн и качество.,98,Дамски сет Лора от OMAYA в бяло: дълъг панталон с висока талия и ефирен елек със стилни копчета. Виж снимки и подробности за модела.,132,src/pages/p/[slug].astro,IMPROVED_BELOW_135
https://bulgaritam.bg/grivna-s-ime/,"Гривни с име: сравни гривни, детайла име, размера и закопчаването в информацията от бранда.",91,"Гривни с име: сравни гривни, детайла име, размера и закопчаването в информацията от бранда. Провери материала, размерите и начина на закопчаване.",145,src/components/SeoProductLanding.astro,FIXED
https://bulgaritam.bg/p/svatba-e/,Открий Сватба е! от Mazno в Българитъм. Подбрани български продукти с неповторим дизайн и качество.,99,"Поздравителна картичка „Сватба е!“ от Mazno във формат А6, с празна вътрешна страна за лично пожелание, прецизен печат и включен плик.",134,src/pages/p/[slug].astro,IMPROVED_BELOW_135
https://bulgaritam.bg/kafyavo-palto/,"Кафяви палта: сравни нюанса, кройката и размерите в предложенията от български брандове.",88,"Кафяви палта: сравни нюанса, кройката и размерите в предложенията от български брандове. Сравни моделите по материя, кройка, размер и предназначение.",149,src/components/SeoProductLanding.astro,FIXED
https://bulgaritam.bg/hematit-grivna/,"Гривни с хематит: сравни гривни, камъка хематит, размера и закопчаването в информацията от бранда.",98,"Гривни с хематит: сравни гривни, камъка хематит, размера и закопчаването в информацията от бранда. Ориентирай се по вид бижу, материал, камък и размер.",151,src/components/SeoProductLanding.astro,FIXED
https://bulgaritam.bg/kozmetika-za-hidratatsiya/,Козметика за хидратация: ориентирай се според хидратация.,57,"Козметика за хидратация: ориентирай се според хидратация. Ориентирай се по нужда, формула и начин на използване. Данните са от бранда.",134,src/components/SeoProductLanding.astro,IMPROVED_BELOW_135
https://bulgaritam.bg/bezhovi-rokli/,"Бежови рокли: сравни нюанса, кройката и размерите в предложенията от български брандове.",88,"Бежови рокли: сравни нюанса, кройката и размерите в предложенията от български брандове. Съпостави кройките, материите и начина на носене.",138,src/components/SeoProductLanding.astro,FIXED
https://bulgaritam.bg/cherno-palto/,"Черни палта: сравни нюанса, кройката и размерите в предложенията от български брандове.",87,"Черни палта: сравни нюанса, кройката и размерите в предложенията от български брандове. Провери материята, размерите и указанията за поддръжка.",143,src/components/SeoProductLanding.astro,FIXED
https://bulgaritam.bg/rachno-izraboteni-kartichki/,Открий ръчно изработени картички от български автори.,53,"Открий ръчно изработени картички от български автори. Сравни предложенията по вид, материали и предназначение. Детайлите са при бранда.",135,src/components/SeoProductLanding.astro,FIXED
https://bulgaritam.bg/podarak-za-zhena-za-rozhden-den/,Открий подарък за жена за рожден ден от български марки.,56,"Открий подарък за жена за рожден ден от български марки. Подреди избора според човека, повода и вида подарък. Виж данните от бранда.",132,src/components/SeoProductLanding.astro,IMPROVED_BELOW_135
https://bulgaritam.bg/bulgarski-drehi/damski-chanti/,Открий български дамски чанти от локални марки в Българитъм.,60,"Открий български дамски чанти от локални марки в Българитъм. Съпостави кройките, материите и начина на носене. Провери ги при бранда.",133,src/components/SeoProductLanding.astro,IMPROVED_BELOW_135
https://bulgaritam.bg/p/kaisiya/,Открий Кайсия от 2 Лета в Българитъм. Подбрани български продукти с неповторим дизайн и качество.,97,"Натурален кайсиев ликьор „Кайсия“ от 2 Лета, 25% алк. и 500 мл, приготвен чрез мацерация на пресни кайсии в кайсиев дестилат.",125,src/pages/p/[slug].astro,IMPROVED_BELOW_135
https://bulgaritam.bg/zlatista-roklya/,"Златисти рокли: сравни нюанса, кройката и размерите в предложенията от български брандове.",90,"Златисти рокли: сравни нюанса, кройката и размерите в предложенията от български брандове. Ориентирай се по състав, силует и таблица с размери.",143,src/components/SeoProductLanding.astro,FIXED
https://bulgaritam.bg/bulgarski-podaratsi/rachno-izraboteni/,Открий ръчно изработени подаръци от български марки в Българитъм.,65,"Открий ръчно изработени подаръци от български марки в Българитъм. Сравни идеите по повод, получател и вид продукт. Детайлите са при бранда.",139,src/components/SeoProductLanding.astro,FIXED
https://bulgaritam.bg/bizhuta-ot-kehlibar/,"Бижута с кехлибар: сравни камъка кехлибар, размера и закопчаването в информацията от бранда.",92,"Бижута с кехлибар: сравни камъка кехлибар, размера и закопчаването в информацията от бранда. Сравни моделите по материал, размер, детайли и закопчаване.",152,src/components/SeoProductLanding.astro,FIXED
https://bulgaritam.bg/srebarni-rokli/,"Сребристи рокли: сравни нюанса, кройката и размерите в предложенията от български брандове.",91,"Сребристи рокли: сравни нюанса, кройката и размерите в предложенията от български брандове. Провери материята, размерите и указанията за поддръжка.",147,src/components/SeoProductLanding.astro,FIXED
https://bulgaritam.bg/bulgarski-kozeni-yaketa/,"Български кожени якета: сравни състава, кройката и размерите в предложенията от български брандове.",99,"Български кожени якета: сравни състава, кройката и размерите в предложенията от български брандове. Съпостави кройките, материите и начина на носене.",149,src/components/SeoProductLanding.astro,FIXED
https://bulgaritam.bg/lenena-roklya/,"Ленени рокли: сравни състава, кройката и размерите в предложенията от български брандове.",89,"Ленени рокли: сравни състава, кройката и размерите в предложенията от български брандове. Сравни моделите по материя, кройка, размер и предназначение.",150,src/components/SeoProductLanding.astro,FIXED
https://bulgaritam.bg/bizhuta-s-tigrovo-oko/,"Бижута с тигрово око: сравни камъка тигрово око, размера и закопчаването в информацията от бранда.",98,"Бижута с тигрово око: сравни камъка тигрово око, размера и закопчаването в информацията от бранда. Ориентирай се по вид бижу, материал, камък и размер.",151,src/components/SeoProductLanding.astro,FIXED
https://bulgaritam.bg/p/az-i-ti/,Открий Аз и Ти от Moments в Българитъм. Подбрани български продукти с неповторим дизайн и качество.,99,"„Аз и Ти“ от Moments е комплект от 30 карти с идеи за изненади, места и занимания, създадени за повече споделени моменти между двойки.",134,src/pages/p/[slug].astro,IMPROVED_BELOW_135
https://bulgaritam.bg/kozmetika-za-kosopad/,Козметика за косопад: ориентирай се според грижа при косопад.,61,Козметика за косопад: ориентирай се според грижа при косопад. Съпостави формулите според нуждата и своята рутина. Провери ги при бранда.,136,src/components/SeoProductLanding.astro,FIXED
https://bulgaritam.bg/bulgarsko-mazhko-belyo/,Българско мъжко бельо: сравни кройката и размерите в предложенията от български брандове.,89,"Българско мъжко бельо: сравни кройката и размерите в предложенията от български брандове. Съпостави кройките, материите и начина на носене.",139,src/components/SeoProductLanding.astro,FIXED
https://bulgaritam.bg/zelena-roklya/,"Зелени рокли: сравни нюанса, кройката и размерите в предложенията от български брандове.",88,"Зелени рокли: сравни нюанса, кройката и размерите в предложенията от български брандове. Сравни моделите по материя, кройка, размер и предназначение.",149,src/components/SeoProductLanding.astro,FIXED
https://bulgaritam.bg/tsitrin-grivna/,"Гривни с цитрин: сравни гривни, камъка цитрин, размера и закопчаването в информацията от бранда.",96,"Гривни с цитрин: сравни гривни, камъка цитрин, размера и закопчаването в информацията от бранда. Съпостави изработката, размерите и важните детайли.",148,src/components/SeoProductLanding.astro,FIXED
https://bulgaritam.bg/vecherna-roklya/,"Вечерни рокли: сравни нюанса, кройката и размерите в предложенията от български брандове.",89,"Вечерни рокли: сравни нюанса, кройката и размерите в предложенията от български брандове. Ориентирай се по състав, силует и таблица с размери.",142,src/components/SeoProductLanding.astro,FIXED
