"primary_keyword","action","canonical_url","H1","seo_title","meta_description","structured_state","parent","cluster_keywords_used","matching_products_count","intro_content_status","collapsible_content_status","merged_into","reason"
"българско дамско бельо памук","CREATE","/balgarsko-damsko-belo-pamuk/","Българско дамско памучно бельо","Българско дамско памучно бельо – материи и модели | Българитъм","Разгледай българско дамско памучно бельо от български брандове. Сравни наличните предложения и отвори продуктовите страници за подробности.","audience=Жени&category=Облекло&materials=Памук&subcategory=Бельо","clothing_lingerie","","0","READY","READY","","Exact structured state registered as a canonical SEO landing."
"българско мъжко бельо","CREATE","/bulgarsko-mazhko-belyo/","Българско мъжко бельо","Българско мъжко бельо – модели по вид и стил | Българитъм","Открий българско мъжко бельо на едно място. Сравни наличните предложения и отвори продуктовите страници за подробности.","audience=Мъже&category=Облекло&subcategory=Бельо","clothing_lingerie","","0","READY","READY","","Exact structured state registered as a canonical SEO landing."
"бели дамски ризи","CREATE","/byala-damska-riza/","Бели дамски ризи","Бели дамски ризи – цветове и модели | Българитъм","Бели дамски ризи в подредена продуктова селекция. Сравни наличните предложения и отвори продуктовите страници за подробности.","category=Облекло&colors=Бял&product_type=Ризи&subcategory=Дамско облекло","clothing_women","","2","READY","READY","","Exact structured state registered as a canonical SEO landing."
"дамски блузи с дълъг ръкав","CREATE","/damski-bluzi-s-dalag-rakav/","Дамски блузи с дълъг ръкав","Дамски блузи с дълъг ръкав – модели по вид и стил | Българитъм","Търсиш дамски блузи с дълъг ръкав? Сравни наличните предложения и отвори продуктовите страници за подробности.","category=Облекло&product_type=Блузи&sleeve=Дълъг ръкав&subcategory=Дамско облекло","clothing_women","","0","READY","READY","","Exact structured state registered as a canonical SEO landing."
"дамски блузи с къс ръкав","CREATE","/damski-bluzi-s-kas-rakav/","Дамски блузи с къс ръкав","Дамски блузи с къс ръкав – модели по вид и стил | Българитъм","Виж предложения за дамски блузи с къс ръкав. Сравни наличните предложения и отвори продуктовите страници за подробности.","category=Облекло&product_type=Блузи&sleeve=Къс ръкав&subcategory=Дамско облекло","clothing_women","","0","READY","READY","","Exact structured state registered as a canonical SEO landing."
"дамска ленена риза","CREATE","/damska-lenena-riza/","Дамска ленена риза","Дамска ленена риза – материи и модели | Българитъм","Ориентирай се сред предложенията за дамска ленена риза. Сравни наличните предложения и отвори продуктовите страници за подробности.","category=Облекло&materials=Лен&product_type=Ризи&subcategory=Дамско облекло","clothing_women","","1","READY","READY","","Exact structured state registered as a canonical SEO landing."
"розови ризи","CREATE","/rozova-riza/","Розови ризи","Розови ризи – цветове и модели | Българитъм","Селекция за розови ризи от български брандове. Сравни наличните предложения и отвори продуктовите страници за подробности.","category=Облекло&colors=Розов&product_type=Ризи&subcategory=Дамско облекло","clothing_women","","1","READY","READY","","Exact structured state registered as a canonical SEO landing."
"черни ризи","CREATE","/cherna-riza/","Черни ризи","Черни ризи – цветове и модели | Българитъм","Намери черни ризи и прегледай подробностите за всеки продукт. Сравни наличните предложения и отвори продуктовите страници за подробности.","category=Облекло&colors=Черен&product_type=Ризи&subcategory=Дамско облекло","clothing_women","","0","READY","READY","","Exact structured state registered as a canonical SEO landing."
"български дамски спортни екипи","REUSE","/bulgarski-damski-sportni-ekipi/","Български дамски спортни екипи","Български дамски спортни екипи – селекция от български брандове | Българитъм","Разгледай темата „Български дамски спортни екипи“ и сравни подходящите предложения. Сравни наличните предложения и отвори продуктовите страници за подробности.","","","","36","READY","READY","","Existing canonical landing reused and enriched from the approved registry."
"български рокли","REUSE","/bulgarski-drehi/rokli/","Български рокли","Български рокли – модели по вид и стил | Българитъм","Открий продукти в селекцията „Български рокли“. Сравни наличните предложения и отвори продуктовите страници за подробности.","category=Облекло&product_type=Рокли&subcategory=Дамско облекло","clothing_women","","17","READY","READY","","Existing canonical landing reused and enriched from the approved registry."
"мъжки пижами","REUSE","/bulgarski-mazhki-pizhami/","Мъжки пижами","Мъжки пижами – модели по вид и стил | Българитъм","Сравни предложения в категорията „Мъжки пижами“. Сравни наличните предложения и отвори продуктовите страници за подробности.","category=Облекло&product_type=Пижами и домашни комплекти&subcategory=Мъжко облекло","clothing_men","","7","READY","READY","","Existing canonical landing reused and enriched from the approved registry."
"български ленени дрехи","REUSE","/bulgarski-leneni-drehi/","Български ленени дрехи","Български ленени дрехи – селекция от български брандове | Българитъм","Прегледай селекцията „Български ленени дрехи“ от български брандове. Сравни наличните предложения и отвори продуктовите страници за подробности.","","","","13","READY","READY","","Existing canonical landing reused and enriched from the approved registry."
"българско бельо","REUSE","/k/belio/","Българско бельо","Българско бельо – модели по вид и стил | Българитъм","Разгледай българско бельо от български брандове. Сравни наличните предложения и отвори продуктовите страници за подробности.","category=Облекло&subcategory=Бельо","clothing_lingerie","","0","READY","READY","","Existing canonical landing reused and enriched from the approved registry."
"български боти","CREATE","/bulgarski-boti/","Български боти","Български боти – модели по вид и стил | Българитъм","Открий български боти на едно място. Сравни наличните предложения и отвори продуктовите страници за подробности.","category=Облекло&product_type=Боти&subcategory=Обувки","accessories_shoes","","0","READY","READY","","Exact structured state registered as a canonical SEO landing."
"български домашни чехли","CREATE","/bulgarski-domashni-chehli/","Български домашни чехли","Български домашни чехли – модели по вид и стил | Българитъм","Български домашни чехли в подредена продуктова селекция. Сравни наличните предложения и отвори продуктовите страници за подробности.","category=Облекло&product_type=Чехли&subcategory=Обувки","accessories_shoes","","0","READY","READY","","Exact structured state registered as a canonical SEO landing."
"български домашни чехли","MERGE","/bulgarski-domashni-chehli/","Български домашни чехли","Български домашни чехли – модели по вид и стил | Българитъм","Търсиш български домашни чехли? Сравни наличните предложения и отвори продуктовите страници за подробности.","category=Облекло&product_type=Чехли&subcategory=Обувки","accessories_shoes","","0","READY","READY","row 15","Duplicate intent merged into CSV row 15."
"български маратонки","CREATE","/balgarski-maratonki/","Български маратонки","Български маратонки – модели по вид и стил | Българитъм","Виж предложения за български маратонки. Сравни наличните предложения и отвори продуктовите страници за подробности.","category=Облекло&product_type=Маратонки&subcategory=Обувки","accessories_shoes","","0","READY","READY","","Exact structured state registered as a canonical SEO landing."
"български мъжки обувки от естествена кожа","CREATE","/bulgarski-mazhki-obuvki-estestvena-kozha/","Български мъжки обувки от естествена кожа","Български мъжки обувки от естествена кожа – материи и модели | Българитъм","Ориентирай се сред предложенията за български мъжки обувки от естествена кожа. Сравни наличните предложения и отвори продуктовите страници за подробности.","audience=Мъже&category=Облекло&materials=Естествена кожа&subcategory=Обувки","accessories_shoes","","0","READY","READY","","Exact structured state registered as a canonical SEO landing."
"български обувки естествена кожа","CREATE","/bulgarski-obuvki-estestvena-kozha/","Български обувки естествена кожа","Български обувки естествена кожа – материи и модели | Българитъм","Селекция за български обувки естествена кожа от български брандове. Сравни наличните предложения и отвори продуктовите страници за подробности.","category=Облекло&materials=Естествена кожа&subcategory=Обувки","accessories_shoes","","0","READY","READY","","Exact structured state registered as a canonical SEO landing."
"български сандали естествена кожа","CREATE","/bulgarski-sandali-estestvena-kozha/","Български сандали естествена кожа","Български сандали естествена кожа – материи и модели | Българитъм","Намери български сандали естествена кожа и прегледай подробностите за всеки продукт. Сравни наличните предложения и отвори продуктовите страници за подробности.","category=Облекло&materials=Естествена кожа&product_type=Сандали&subcategory=Обувки","accessories_shoes","","0","READY","READY","","Exact structured state registered as a canonical SEO landing."
"български кожени якета естествена кожа","CREATE","/bulgarski-kozeni-yaketa/","Български кожени якета естествена кожа","Български кожени якета естествена кожа – материи и модели | Българитъм","Разгледай темата „Български кожени якета естествена кожа“ и сравни подходящите предложения. Сравни наличните предложения и отвори продуктовите страници за подробности.","category=Облекло&materials=Естествена кожа&product_type=Якета&subcategory=Дамско облекло","clothing_women","","0","READY","READY","","Exact structured state registered as a canonical SEO landing."
"български мъжки зимни якета","CREATE","/bulgarski-mazhki-zimni-yaketa/","Български мъжки зимни якета","Български мъжки зимни якета – модели по вид и стил | Българитъм","Открий продукти в селекцията „Български мъжки зимни якета“. Сравни наличните предложения и отвори продуктовите страници за подробности.","category=Облекло&product_type=Якета&season=Зимен&subcategory=Мъжко облекло","clothing_men","","0","READY","READY","","Exact structured state registered as a canonical SEO landing."
"български палта от вълна","CREATE","/bulgarski-palta-ot-valna/","Български палта от вълна","Български палта от вълна – материи и модели | Българитъм","Сравни предложения в категорията „Български палта от вълна“. Сравни наличните предложения и отвори продуктовите страници за подробности.","category=Облекло&materials=Вълна&product_type=Палта&subcategory=Дамско облекло","clothing_women","","8","READY","READY","","Exact structured state registered as a canonical SEO landing."
"зелени палта","CREATE","/zeleno-palto/","Зелени палта","Зелени палта – цветове и модели | Българитъм","Прегледай селекцията „Зелени палта“ от български брандове. Сравни наличните предложения и отвори продуктовите страници за подробности.","category=Облекло&colors=Зелен&product_type=Палта&subcategory=Дамско облекло","clothing_women","","0","READY","READY","","Exact structured state registered as a canonical SEO landing."
"кафяви палта","CREATE","/kafyavo-palto/","Кафяви палта","Кафяви палта – цветове и модели | Българитъм","Разгледай кафяви палта от български брандове. Сравни наличните предложения и отвори продуктовите страници за подробности.","category=Облекло&colors=Кафяв&product_type=Палта&subcategory=Дамско облекло","clothing_women","","2","READY","READY","","Exact structured state registered as a canonical SEO landing."
"преходни дамски якета","CREATE","/prehodni-damski-yaketa/","Преходни дамски якета","Преходни дамски якета – модели по вид и стил | Българитъм","Открий преходни дамски якета на едно място. Сравни наличните предложения и отвори продуктовите страници за подробности.","category=Облекло&product_type=Якета&season=Преходен&subcategory=Дамско облекло","clothing_women","","0","READY","READY","","Exact structured state registered as a canonical SEO landing."
"черени палта","CREATE","/cherno-palto/","Черни палта","Черни палта – цветове и модели | Българитъм","Черни палта в подредена продуктова селекция. Сравни наличните предложения и отвори продуктовите страници за подробности.","category=Облекло&colors=Черен&product_type=Палта&subcategory=Дамско облекло","clothing_women","","2","READY","READY","","Exact structured state registered as a canonical SEO landing."
"дамска пижама памук","CREATE","/damska-pizhama-pamuk/","Дамски памучни пижами","Дамски памучни пижами – материи и модели | Българитъм","Търсиш дамски памучни пижами? Сравни наличните предложения и отвори продуктовите страници за подробности.","category=Облекло&materials=Памук&product_type=Пижами и домашни комплекти&subcategory=Дамско облекло","clothing_women","","10","READY","READY","","Exact structured state registered as a canonical SEO landing."
"мъжки ленени ризи","CREATE","/mazhki-leneni-rizi/","Мъжки ленени ризи","Мъжки ленени ризи – материи и модели | Българитъм","Виж предложения за мъжки ленени ризи. Сравни наличните предложения и отвори продуктовите страници за подробности.","category=Облекло&materials=Лен&product_type=Ризи&subcategory=Мъжко облекло","clothing_men","","4","READY","READY","","Exact structured state registered as a canonical SEO landing."
"бални рокли","CREATE","/balni-rokli/","Бални рокли","Бални рокли – модели по вид и стил | Българитъм","Ориентирай се сред предложенията за бални рокли. Сравни наличните предложения и отвори продуктовите страници за подробности.","category=Облекло&clothing_style=Бален&product_type=Рокли&subcategory=Дамско облекло","clothing_women","","0","READY","READY","","Exact structured state registered as a canonical SEO landing."
"бежови рокли","CREATE","/bezhovi-rokli/","Бежови рокли","Бежови рокли – цветове и модели | Българитъм","Селекция за бежови рокли от български брандове. Сравни наличните предложения и отвори продуктовите страници за подробности.","category=Облекло&colors=Бежов&product_type=Рокли&subcategory=Дамско облекло","clothing_women","","2","READY","READY","","Exact structured state registered as a canonical SEO landing."
"бели рокли","CREATE","/beli-rokli/","Бели рокли","Бели рокли – цветове и модели | Българитъм","Намери бели рокли и прегледай подробностите за всеки продукт. Сравни наличните предложения и отвори продуктовите страници за подробности.","category=Облекло&colors=Бял&product_type=Рокли&subcategory=Дамско облекло","clothing_women","","3","READY","READY","","Exact structured state registered as a canonical SEO landing."
"бохо рокля","CREATE","/boho-roklya/","Бохо рокля","Бохо рокля – модели по вид и стил | Българитъм","Разгледай темата „Бохо рокля“ и сравни подходящите предложения. Сравни наличните предложения и отвори продуктовите страници за подробности.","category=Облекло&clothing_style=Бохо&product_type=Рокли&subcategory=Дамско облекло","clothing_women","","0","READY","READY","","Exact structured state registered as a canonical SEO landing."
"български ежедневни рокли","CREATE","/bulgarski-ezhednevni-rokli/","Български ежедневни рокли","Български ежедневни рокли – модели по вид и стил | Българитъм","Открий продукти в селекцията „Български ежедневни рокли“. Сравни наличните предложения и отвори продуктовите страници за подробности.","category=Облекло&clothing_style=Ежедневен&product_type=Рокли&subcategory=Дамско облекло","clothing_women","","2","READY","READY","","Exact structured state registered as a canonical SEO landing."
"български летни рокли","CREATE","/bulgarski-letni-rokli/","Български летни рокли","Български летни рокли – модели по вид и стил | Българитъм","Сравни предложения в категорията „Български летни рокли“. Сравни наличните предложения и отвори продуктовите страници за подробности.","category=Облекло&product_type=Рокли&season=Летен&subcategory=Дамско облекло","clothing_women","","0","READY","READY","","Exact structured state registered as a canonical SEO landing."
"вечерна рокля","CREATE","/vecherna-roklya/","Вечерна рокля","Вечерна рокля – цветове и модели | Българитъм","Прегледай селекцията „Вечерна рокля“ от български брандове. Сравни наличните предложения и отвори продуктовите страници за подробности.","category=Облекло&clothing_style=Вечерен&colors=Черен&product_type=Рокли&subcategory=Дамско облекло","clothing_women","","0","READY","READY","","Exact structured state registered as a canonical SEO landing."
"дамски рокли с дълъг ръкав","CREATE","/damski-rokli-s-dalag-rakav/","Дамски рокли с дълъг ръкав","Дамски рокли с дълъг ръкав – модели по вид и стил | Българитъм","Разгледай дамски рокли с дълъг ръкав от български брандове. Сравни наличните предложения и отвори продуктовите страници за подробности.","category=Облекло&product_type=Рокли&sleeve=Дълъг ръкав&subcategory=Дамско облекло","clothing_women","","0","READY","READY","","Exact structured state registered as a canonical SEO landing."
"дамски рокли с къс ръкав","CREATE","/damski-rokli-s-kas-rakav/","Дамски рокли с къс ръкав","Дамски рокли с къс ръкав – модели по вид и стил | Българитъм","Открий дамски рокли с къс ръкав на едно място. Сравни наличните предложения и отвори продуктовите страници за подробности.","category=Облекло&product_type=Рокли&sleeve=Къс ръкав&subcategory=Дамско облекло","clothing_women","","0","READY","READY","","Exact structured state registered as a canonical SEO landing."
"дънкова рокля","CREATE","/dankova-roklya/","Дънкова рокля","Дънкова рокля – материи и модели | Българитъм","Дънкова рокля в подредена продуктова селекция. Сравни наличните предложения и отвори продуктовите страници за подробности.","category=Облекло&materials=Деним&product_type=Рокли&subcategory=Дамско облекло","clothing_women","","1","READY","READY","","Exact structured state registered as a canonical SEO landing."
"есенни рокли","CREATE","/esenni-rokli/","Есенни рокли","Есенни рокли – модели по вид и стил | Българитъм","Търсиш есенни рокли? Сравни наличните предложения и отвори продуктовите страници за подробности.","category=Облекло&product_type=Рокли&season=Есенен&subcategory=Дамско облекло","clothing_women","","0","READY","READY","","Exact structured state registered as a canonical SEO landing."
"жълти рокли","CREATE","/zhalta-roklya/","Жълти рокли","Жълти рокли – цветове и модели | Българитъм","Виж предложения за жълти рокли. Сравни наличните предложения и отвори продуктовите страници за подробности.","category=Облекло&colors=Жълт&product_type=Рокли&subcategory=Дамско облекло","clothing_women","","0","READY","READY","","Exact structured state registered as a canonical SEO landing."
"зелени рокли","CREATE","/zelena-roklya/","Зелени рокли","Зелени рокли – цветове и модели | Българитъм","Ориентирай се сред предложенията за зелени рокли. Сравни наличните предложения и отвори продуктовите страници за подробности.","category=Облекло&colors=Зелен&product_type=Рокли&subcategory=Дамско облекло","clothing_women","","1","READY","READY","","Exact structured state registered as a canonical SEO landing."
"златисти рокли","CREATE","/zlatista-roklya/","Златисти рокли","Златисти рокли – цветове и модели | Българитъм","Селекция за златисти рокли от български брандове. Сравни наличните предложения и отвори продуктовите страници за подробности.","category=Облекло&colors=Златист&product_type=Рокли&subcategory=Дамско облекло","clothing_women","","0","READY","READY","","Exact structured state registered as a canonical SEO landing."
"кафяви рокли","CREATE","/kafyava-roklya/","Кафяви рокли","Кафяви рокли – цветове и модели | Българитъм","Намери кафяви рокли и прегледай подробностите за всеки продукт. Сравни наличните предложения и отвори продуктовите страници за подробности.","category=Облекло&colors=Кафяв&product_type=Рокли&subcategory=Дамско облекло","clothing_women","","0","READY","READY","","Exact structured state registered as a canonical SEO landing."
"ленена рокля","CREATE","/lenena-roklya/","Ленена рокля","Ленена рокля – материи и модели | Българитъм","Разгледай темата „Ленена рокля“ и сравни подходящите предложения. Сравни наличните предложения и отвори продуктовите страници за подробности.","category=Облекло&materials=Лен&product_type=Рокли&subcategory=Дамско облекло","clothing_women","","2","READY","READY","","Exact structured state registered as a canonical SEO landing."
"официални български рокли","CREATE","/bulgarski-oficialni-rokli/","Официални български рокли","Официални български рокли – модели по вид и стил | Българитъм","Открий продукти в селекцията „Официални български рокли“. Сравни наличните предложения и отвори продуктовите страници за подробности.","category=Облекло&clothing_style=Официален&product_type=Рокли&subcategory=Дамско облекло","clothing_women","","2","READY","READY","","Exact structured state registered as a canonical SEO landing."
"памучни рокли","CREATE","/pamuchni-rokli/","Памучни рокли","Памучни рокли – материи и модели | Българитъм","Сравни предложения в категорията „Памучни рокли“. Сравни наличните предложения и отвори продуктовите страници за подробности.","category=Облекло&materials=Памук&product_type=Рокли&subcategory=Дамско облекло","clothing_women","","4","READY","READY","","Exact structured state registered as a canonical SEO landing."
"розови рокли","CREATE","/rozovi-rokli/","Розови рокли","Розови рокли – цветове и модели | Българитъм","Прегледай селекцията „Розови рокли“ от български брандове. Сравни наличните предложения и отвори продуктовите страници за подробности.","category=Облекло&colors=Розов&product_type=Рокли&subcategory=Дамско облекло","clothing_women","","2","READY","READY","","Exact structured state registered as a canonical SEO landing."
"рокля сатен","CREATE","/roklya-saten/","Рокля сатен","Рокля сатен – материи и модели | Българитъм","Разгледай рокля сатен от български брандове. Сравни наличните предложения и отвори продуктовите страници за подробности.","category=Облекло&materials=Сатен&product_type=Рокли&subcategory=Дамско облекло","clothing_women","","4","READY","READY","","Exact structured state registered as a canonical SEO landing."
"светлосини рокли","CREATE","/svetlosinya-roklya/","Светлосини рокли","Светлосини рокли – цветове и модели | Българитъм","Открий светлосини рокли на едно място. Сравни наличните предложения и отвори продуктовите страници за подробности.","category=Облекло&colors=Светлосин&product_type=Рокли&subcategory=Дамско облекло","clothing_women","","0","READY","READY","","Exact structured state registered as a canonical SEO landing."
"сини рокли","CREATE","/sinya-roklya/","Сини рокли","Сини рокли – цветове и модели | Българитъм","Сини рокли в подредена продуктова селекция. Сравни наличните предложения и отвори продуктовите страници за подробности.","category=Облекло&colors=Син&product_type=Рокли&subcategory=Дамско облекло","clothing_women","","1","READY","READY","","Exact structured state registered as a canonical SEO landing."
"спортни рокли","CREATE","/sportni-rokli/","Спортни рокли","Спортни рокли – модели по вид и стил | Българитъм","Търсиш спортни рокли? Сравни наличните предложения и отвори продуктовите страници за подробности.","category=Облекло&clothing_style=Спортен&product_type=Рокли&subcategory=Дамско облекло","clothing_women","","0","READY","READY","","Exact structured state registered as a canonical SEO landing."
"сребристи рокли","CREATE","/srebarni-rokli/","Сребристи рокли","Сребристи рокли – цветове и модели | Българитъм","Виж предложения за сребристи рокли. Сравни наличните предложения и отвори продуктовите страници за подробности.","category=Облекло&colors=Сребрист&product_type=Рокли&subcategory=Дамско облекло","clothing_women","","0","READY","READY","","Exact structured state registered as a canonical SEO landing."
"тъмносини рокли","CREATE","/tamnosinya-roklya/","Тъмносини рокли","Тъмносини рокли – цветове и модели | Българитъм","Ориентирай се сред предложенията за тъмносини рокли. Сравни наличните предложения и отвори продуктовите страници за подробности.","category=Облекло&colors=Тъмносин&product_type=Рокли&subcategory=Дамско облекло","clothing_women","","0","READY","READY","","Exact structured state registered as a canonical SEO landing."
"червени рокли","CREATE","/chervena-roklya/","Червени рокли","Червени рокли – цветове и модели | Българитъм","Селекция за червени рокли от български брандове. Сравни наличните предложения и отвори продуктовите страници за подробности.","category=Облекло&colors=Червен&product_type=Рокли&subcategory=Дамско облекло","clothing_women","","0","READY","READY","","Exact structured state registered as a canonical SEO landing."
"черни рокли","CREATE","/cherna-roklya/","Черни рокли","Черни рокли – цветове и модели | Българитъм","Намери черни рокли и прегледай подробностите за всеки продукт. Сравни наличните предложения и отвори продуктовите страници за подробности.","category=Облекло&colors=Черен&product_type=Рокли&subcategory=Дамско облекло","clothing_women","","3","READY","READY","","Exact structured state registered as a canonical SEO landing."
"българска козметика за коса","REUSE","/k/kozmetika-kosa/","Българска козметика за коса","Българска козметика за коса – продукти по вид грижа | Българитъм","Разгледай темата „Българска козметика за коса“ и сравни подходящите предложения. Сравни наличните предложения и отвори продуктовите страници за подробности.","category=Козметика&subcategory=Грижа за косата","cosmetics_hair","","8","READY","READY","","Existing canonical landing reused and enriched from the approved registry."
"козметика за косопад","CREATE","/kozmetika-za-kosopad/","Козметика за косопад","Козметика за косопад – грижа според нуждата | Българитъм","Открий продукти в селекцията „Козметика за косопад“. Сравни наличните предложения и отвори продуктовите страници за подробности.","category=Козметика&hair_need=Против косопад&subcategory=Грижа за косата","cosmetics_hair","","3","READY","READY","","Exact structured state registered as a canonical SEO landing."
"козметика за мазна коса","CREATE","/kozmetika-za-mazna-kosa/","Козметика за мазна коса","Козметика за мазна коса – грижа според нуждата | Българитъм","Сравни предложения в категорията „Козметика за мазна коса“. Сравни наличните предложения и отвори продуктовите страници за подробности.","category=Козметика&hair_need=За мазна коса&subcategory=Грижа за косата","cosmetics_hair","","2","READY","READY","","Exact structured state registered as a canonical SEO landing."
"козметика за суха коса","CREATE","/kozmetika-za-suha-kosa/","Козметика за суха коса","Козметика за суха коса – грижа според нуждата | Българитъм","Прегледай селекцията „Козметика за суха коса“ от български брандове. Сравни наличните предложения и отвори продуктовите страници за подробности.","category=Козметика&hair_need=За суха коса&subcategory=Грижа за косата","cosmetics_hair","","0","READY","READY","","Exact structured state registered as a canonical SEO landing."
"козметика за увредена коса","CREATE","/kozmetika-za-uvredena-kosa/","Козметика за увредена коса","Козметика за увредена коса – грижа според нуждата | Българитъм","Разгледай козметика за увредена коса от български брандове. Сравни наличните предложения и отвори продуктовите страници за подробности.","category=Козметика&hair_need=За увредена коса&subcategory=Грижа за косата","cosmetics_hair","","2","READY","READY","","Exact structured state registered as a canonical SEO landing."
"българска козметика за лице","REUSE","/k/kozmetika-lice/","Българска козметика за лице","Българска козметика за лице – продукти по вид грижа | Българитъм","Открий българска козметика за лице на едно място. Сравни наличните предложения и отвори продуктовите страници за подробности.","category=Козметика&subcategory=Грижа за лицето","cosmetics_face","","13","READY","READY","","Existing canonical landing reused and enriched from the approved registry."
"козметика за дехидратирана кожа","CREATE","/kozmetika-za-dehidratirana-kozha/","Козметика за дехидратирана кожа","Козметика за дехидратирана кожа – продукти по вид грижа | Българитъм","Козметика за дехидратирана кожа в подредена продуктова селекция. Сравни наличните предложения и отвори продуктовите страници за подробности.","category=Козметика&skin_type=Дехидратирана кожа&subcategory=Грижа за лицето","cosmetics_face","","0","READY","READY","","Exact structured state registered as a canonical SEO landing."
"козметика за мазна кожа","CREATE","/kozmetika-za-mazna-kozha/","Козметика за мазна кожа","Козметика за мазна кожа – продукти по вид грижа | Българитъм","Търсиш козметика за мазна кожа? Сравни наличните предложения и отвори продуктовите страници за подробности.","category=Козметика&skin_type=Мазна кожа&subcategory=Грижа за лицето","cosmetics_face","","1","READY","READY","","Exact structured state registered as a canonical SEO landing."
"козметика за против бръчки","CREATE","/kozmetika-za-protiv-brachki/","Козметика за против бръчки","Козметика за против бръчки – грижа според нуждата | Българитъм","Виж предложения за козметика за против бръчки. Сравни наличните предложения и отвори продуктовите страници за подробности.","category=Козметика&skin_need=Против бръчки&subcategory=Грижа за лицето","cosmetics_face","","3","READY","READY","","Exact structured state registered as a canonical SEO landing."
"козметика за суха кожа","CREATE","/kozmetika-za-suha-kozha/","Козметика за суха кожа","Козметика за суха кожа – продукти по вид грижа | Българитъм","Ориентирай се сред предложенията за козметика за суха кожа. Сравни наличните предложения и отвори продуктовите страници за подробности.","category=Козметика&skin_type=Суха кожа&subcategory=Грижа за лицето","cosmetics_face","","4","READY","READY","","Exact structured state registered as a canonical SEO landing."
"козметика за хидратация","CREATE","/kozmetika-za-hidratatsiya/","Козметика за хидратация","Козметика за хидратация – грижа според нуждата | Българитъм","Селекция за козметика за хидратация от български брандове. Сравни наличните предложения и отвори продуктовите страници за подробности.","category=Козметика&skin_need=Хидратация&subcategory=Грижа за лицето","cosmetics_face","","9","READY","READY","","Exact structured state registered as a canonical SEO landing."
"козметика за чувствителна кожа","CREATE","/kozmetika-za-chuvstvitelna-kozha/","Козметика за чувствителна кожа","Козметика за чувствителна кожа – продукти по вид грижа | Българитъм","Намери козметика за чувствителна кожа и прегледай подробностите за всеки продукт. Сравни наличните предложения и отвори продуктовите страници за подробности.","category=Козметика&skin_type=Чувствителна кожа&subcategory=Грижа за лицето","cosmetics_face","","4","READY","READY","","Exact structured state registered as a canonical SEO landing."
"българска козметика с роза","CREATE","/bulgarska-kozmetika-s-roza/","Българска козметика с роза","Българска козметика с роза – продукти според съставката | Българитъм","Разгледай темата „Българска козметика с роза“ и сравни подходящите предложения. Сравни наличните предложения и отвори продуктовите страници за подробности.","category=Козметика&ingredient=Розово масло","cosmetics","","1","READY","READY","","Exact structured state registered as a canonical SEO landing."
"козметика с шафран","CREATE","/kozmetika-s-shafran/","Козметика с шафран","Козметика с шафран – продукти според съставката | Българитъм","Открий продукти в селекцията „Козметика с шафран“. Сравни наличните предложения и отвори продуктовите страници за подробности.","category=Козметика&ingredient=Шафран","cosmetics","","6","READY","READY","","Exact structured state registered as a canonical SEO landing."
"българска натурална козметика","REUSE","/naturalna-bulgarska-kozmetika/","Българска натурална козметика","Българска натурална козметика – продукти по вид грижа | Българитъм","Сравни предложения в категорията „Българска натурална козметика“. Сравни наличните предложения и отвори продуктовите страници за подробности.","attributes=Натурален&category=Козметика","cosmetics","","21","READY","READY","","Existing canonical landing reused and enriched from the approved registry."
"персонализиран подарък за бебе","CREATE","/personaliziran-podarak-za-bebe/","Персонализиран подарък за бебе","Персонализиран подарък за бебе – идеи според получателя | Българитъм","Прегледай селекцията „Персонализиран подарък за бебе“ от български брандове. Селекцията е насочена към получател: бебе.","attributes=Персонализируем&giftable=true&recipient=За бебе","gifts_for_baby","","15","READY","READY","","Exact structured state registered as a canonical SEO landing."
"подарък за бебе момиче","REUSE","/podarak-za-bebe-momiche/","Подарък за бебе момиче","Подарък за бебе момиче – идеи според получателя | Българитъм","Разгледай подарък за бебе момиче от български брандове. Селекцията е насочена към получател: бебе.","giftable=true&recipient=За бебе&recipient_gender=Момиче","gifts_for_baby","","24","READY","READY","","Existing canonical landing reused and enriched from the approved registry."
"подарък за бебе момче","CREATE","/podarak-za-bebe-momche/","Подарък за бебе момче","Подарък за бебе момче – идеи според получателя | Българитъм","Открий подарък за бебе момче на едно място. Селекцията е насочена към получател: бебе.","giftable=true&recipient=За бебе&recipient_gender=Момче","gifts_for_baby","","21","READY","READY","","Exact structured state registered as a canonical SEO landing."
"подарък за изписване","CREATE","/podarak-za-izpisvane-na-bebe/","Подарък за изписване","Подарък за изписване – идеи за конкретния повод | Българитъм","Подарък за изписване в подредена продуктова селекция. Селекцията е насочена към получател: бебе; повод: изписване.","gift_occasion=Изписване&giftable=true&recipient=За бебе","gifts_for_baby","","5","READY","READY","","Exact structured state registered as a canonical SEO landing."
"подарък за кръщене","CREATE","/podarak-za-krashtene/","Подарък за кръщене","Подарък за кръщене – идеи за конкретния повод | Българитъм","Търсиш подарък за кръщене? Селекцията е насочена към повод: кръщене.","gift_occasion=Кръщене&giftable=true","gifts","","10","READY","READY","","Exact structured state registered as a canonical SEO landing."
"подарък за новородено","CREATE","/podarak-za-novorodeno/","Подарък за новородено","Подарък за новородено – идеи за конкретния повод | Българитъм","Виж предложения за подарък за новородено. Селекцията е насочена към получател: бебе; повод: новородено.","gift_occasion=Новородено&giftable=true&recipient=За бебе","gifts_for_baby","","18","READY","READY","","Exact structured state registered as a canonical SEO landing."
"подарък за погача","CREATE","/podaratsi-za-pogacha-na-momche/","Подарък за погача","Подарък за погача – идеи за конкретния повод | Българитъм","Ориентирай се сред предложенията за подарък за погача. Селекцията е насочена към получател: бебе; повод: погача.","gift_occasion=Погача&giftable=true&recipient=За бебе","gifts_for_baby","","5","READY","READY","","Exact structured state registered as a canonical SEO landing."
"подарък за 10-годишно момиче","CREATE","/originalen-podarak-za-10-godishno-momiche/","Подарък за 10-годишно момиче","Подарък за 10-годишно момиче – идеи според възрастта | Българитъм","Селекция за подарък за 10-годишно момиче от български брандове. Селекцията е насочена към получател: дете; възраст: 10 години.","giftable=true&recipient=За дете&recipient_age=10&recipient_gender=Момиче","gifts_for_child","","0","READY","READY","","Exact structured state registered as a canonical SEO landing."
"подарък за 10-годишно момче","CREATE","/originalen-podarak-za-10-godishno-momche/","Подарък за 10-годишно момче","Подарък за 10-годишно момче – идеи според възрастта | Българитъм","Намери подарък за 10-годишно момче и прегледай подробностите за всеки продукт. Селекцията е насочена към получател: дете; възраст: 10 години.","giftable=true&recipient=За дете&recipient_age=10&recipient_gender=Момче","gifts_for_child","","0","READY","READY","","Exact structured state registered as a canonical SEO landing."
"подарък за 14-годишно момиче","CREATE","/originalen-podarak-za-momiche-na-14-godini/","Подарък за 14-годишно момиче","Подарък за 14-годишно момиче – идеи според възрастта | Българитъм","Разгледай темата „Подарък за 14-годишно момиче“ и сравни подходящите предложения. Селекцията е насочена към получател: дете; възраст: 14 години.","giftable=true&recipient=За дете&recipient_age=14&recipient_gender=Момиче","gifts_for_child","","1","READY","READY","","Exact structured state registered as a canonical SEO landing."
"подарък за 14-годишно момче","CREATE","/originalen-podarak-za-momche-na-14-godini/","Подарък за 14-годишно момче","Подарък за 14-годишно момче – идеи според възрастта | Българитъм","Открий продукти в селекцията „Подарък за 14-годишно момче“. Селекцията е насочена към получател: дете; възраст: 14 години.","giftable=true&recipient=За дете&recipient_age=14&recipient_gender=Момче","gifts_for_child","","1","READY","READY","","Exact structured state registered as a canonical SEO landing."
"подарък за 4-годишно момче","CREATE","/podarak-za-4-godishno-momche/","Подарък за 4-годишно момче","Подарък за 4-годишно момче – идеи според възрастта | Българитъм","Сравни предложения в категорията „Подарък за 4-годишно момче“. Селекцията е насочена към получател: дете; възраст: 4 години.","giftable=true&recipient=За дете&recipient_age=4&recipient_gender=Момче","gifts_for_child","","0","READY","READY","","Exact structured state registered as a canonical SEO landing."
"подарък за 7-годишно момиче","CREATE","/originalen-podarak-za-momiche-na-7-godini/","Подарък за 7-годишно момиче","Подарък за 7-годишно момиче – идеи според възрастта | Българитъм","Прегледай селекцията „Подарък за 7-годишно момиче“ от български брандове. Селекцията е насочена към получател: дете; възраст: 7 години.","giftable=true&recipient=За дете&recipient_age=7&recipient_gender=Момиче","gifts_for_child","","0","READY","READY","","Exact structured state registered as a canonical SEO landing."
"подарък за 9-годишно момиче","CREATE","/originalen-podarak-za-9-godishno-momiche/","Подарък за 9-годишно момиче","Подарък за 9-годишно момиче – идеи според възрастта | Българитъм","Разгледай подарък за 9-годишно момиче от български брандове. Селекцията е насочена към получател: дете; възраст: 9 години.","giftable=true&recipient=За дете&recipient_age=9&recipient_gender=Момиче","gifts_for_child","","0","READY","READY","","Exact structured state registered as a canonical SEO landing."
"подарък за дете на 1 година","REUSE","/podarak-za-dete-na-1-godina/","Подарък за дете на 1 година","Подарък за дете на 1 година – идеи според възрастта | Българитъм","Открий подарък за дете на 1 година на едно място. Селекцията е насочена към получател: дете; възраст: 1 години.","giftable=true&recipient=За дете&recipient_age=1","gifts_for_child","","0","READY","READY","","Existing canonical landing reused and enriched from the approved registry."
"подарък за дете на 10 години","CREATE","/podarak-za-dete-na-10-godini/","Подарък за дете на 10 години","Подарък за дете на 10 години – идеи според възрастта | Българитъм","Подарък за дете на 10 години в подредена продуктова селекция. Селекцията е насочена към получател: дете; възраст: 10 години.","giftable=true&recipient=За дете&recipient_age=10","gifts_for_child","","0","READY","READY","","Exact structured state registered as a canonical SEO landing."
"подарък за дете на 14 години","CREATE","/podarak-za-dete-na-14-godini/","Подарък за дете на 14 години","Подарък за дете на 14 години – идеи според възрастта | Българитъм","Търсиш подарък за дете на 14 години? Селекцията е насочена към получател: дете; възраст: 14 години.","giftable=true&recipient=За дете&recipient_age=14","gifts_for_child","","1","READY","READY","","Exact structured state registered as a canonical SEO landing."
"подарък за дете на 2 години","CREATE","/podarak-za-dete-na-2-godini/","Подарък за дете на 2 години","Подарък за дете на 2 години – идеи според възрастта | Българитъм","Виж предложения за подарък за дете на 2 години. Селекцията е насочена към получател: дете; възраст: 2 години.","giftable=true&recipient=За дете&recipient_age=2","gifts_for_child","","0","READY","READY","","Exact structured state registered as a canonical SEO landing."
"подарък за дете на 3 години","CREATE","/podarak-za-dete-na-3-godini/","Подарък за дете на 3 години","Подарък за дете на 3 години – идеи според възрастта | Българитъм","Ориентирай се сред предложенията за подарък за дете на 3 години. Селекцията е насочена към получател: дете; възраст: 3 години.","giftable=true&recipient=За дете&recipient_age=3","gifts_for_child","","0","READY","READY","","Exact structured state registered as a canonical SEO landing."
"подарък за дете на 4 години","CREATE","/podarak-za-dete-na-4-godini/","Подарък за дете на 4 години","Подарък за дете на 4 години – идеи според възрастта | Българитъм","Селекция за подарък за дете на 4 години от български брандове. Селекцията е насочена към получател: дете; възраст: 4 години.","giftable=true&recipient=За дете&recipient_age=4","gifts_for_child","","0","READY","READY","","Exact structured state registered as a canonical SEO landing."
"подарък за дете на 7 години","CREATE","/podarak-za-dete-na-7-godini/","Подарък за дете на 7 години","Подарък за дете на 7 години – идеи според възрастта | Българитъм","Намери подарък за дете на 7 години и прегледай подробностите за всеки продукт. Селекцията е насочена към получател: дете; възраст: 7 години.","giftable=true&recipient=За дете&recipient_age=7","gifts_for_child","","0","READY","READY","","Exact structured state registered as a canonical SEO landing."
"подарък за дете на 9 години","CREATE","/podarak-za-dete-na-9-godini/","Подарък за дете на 9 години","Подарък за дете на 9 години – идеи според възрастта | Българитъм","Разгледай темата „Подарък за дете на 9 години“ и сравни подходящите предложения. Селекцията е насочена към получател: дете; възраст: 9 години.","giftable=true&recipient=За дете&recipient_age=9","gifts_for_child","","0","READY","READY","","Exact structured state registered as a canonical SEO landing."
"забавен подарък за жена","CREATE","/zabaven-podarak-za-zhena/","Забавен подарък за жена","Забавен подарък за жена – идеи според получателя | Българитъм","Открий продукти в селекцията „Забавен подарък за жена“. Селекцията е насочена към получател: жена.","attributes=Забавен&giftable=true&recipient=За жена","gifts_for_her","","10","READY","READY","","Exact structured state registered as a canonical SEO landing."
"коледен подарък за жена","REUSE","/koleden-podarak-za-zhena/","Коледен подарък за жена","Коледен подарък за жена – идеи за конкретния повод | Българитъм","Сравни предложения в категорията „Коледен подарък за жена“. Селекцията е насочена към получател: жена; повод: коледа.","gift_occasion=Коледа&giftable=true&recipient=За жена","gifts_for_her","","3","READY","READY","","Existing canonical landing reused and enriched from the approved registry."
"персонализиран подарък за жена","CREATE","/personaliziran-podarak-za-zhena/","Персонализиран подарък за жена","Персонализиран подарък за жена – идеи според получателя | Българитъм","Прегледай селекцията „Персонализиран подарък за жена“ от български брандове. Селекцията е насочена към получател: жена.","attributes=Персонализируем&giftable=true&recipient=За жена","gifts_for_her","","15","READY","READY","","Exact structured state registered as a canonical SEO landing."
"подарък за 8 март за учителка","CREATE","/podarak-za-8-mart-za-uchitelka/","Подарък за 8 март за учителка","Подарък за 8 март за учителка – идеи за конкретния повод | Българитъм","Разгледай подарък за 8 март за учителка от български брандове. Селекцията е насочена към получател: жена; повод: 8 март.","gift_occasion=8 март&giftable=true&recipient=За жена&role_interest=Учителка","gifts_for_her","","0","READY","READY","","Exact structured state registered as a canonical SEO landing."
"подарък за жена за 8 март","CREATE","/podarak-za-zhena-za-8-mart/","Подарък за жена за 8 март","Подарък за жена за 8 март – идеи за конкретния повод | Българитъм","Открий подарък за жена за 8 март на едно място. Селекцията е насочена към получател: жена; повод: 8 март.","gift_occasion=8 март&giftable=true&recipient=За жена","gifts_for_her","","1","READY","READY","","Exact structured state registered as a canonical SEO landing."
"подарък за жена за дипломиране","CREATE","/podarak-za-zhena-za-diplomirane/","Подарък за жена за дипломиране","Подарък за жена за дипломиране – идеи за конкретния повод | Българитъм","Подарък за жена за дипломиране в подредена продуктова селекция. Селекцията е насочена към получател: жена; повод: дипломиране.","gift_occasion=Дипломиране&giftable=true&recipient=За жена","gifts_for_her","","0","READY","READY","","Exact structured state registered as a canonical SEO landing."
"подарък за жена за имен ден","CREATE","/podarak-za-imen-den-na-zhena/","Подарък за жена за имен ден","Подарък за жена за имен ден – идеи за конкретния повод | Българитъм","Търсиш подарък за жена за имен ден? Селекцията е насочена към получател: жена; повод: имен ден.","gift_occasion=Имен ден&giftable=true&recipient=За жена","gifts_for_her","","4","READY","READY","","Exact structured state registered as a canonical SEO landing."
"подарък за жена за пенсиониране","CREATE","/podarak-za-pensionirane-na-zhena/","Подарък за жена за пенсиониране","Подарък за жена за пенсиониране – идеи за конкретния повод | Българитъм","Виж предложения за подарък за жена за пенсиониране. Селекцията е насочена към получател: жена; повод: пенсиониране.","gift_occasion=Пенсиониране&giftable=true&recipient=За жена","gifts_for_her","","0","READY","READY","","Exact structured state registered as a canonical SEO landing."
"подарък за жена за свети валентин","CREATE","/podarak-za-sveti-valentin-za-zhena/","Подарък за жена за свети валентин","Подарък за жена за свети валентин – идеи за конкретния повод | Българитъм","Ориентирай се сред предложенията за подарък за жена за свети валентин. Селекцията е насочена към получател: жена; повод: свети валентин.","gift_occasion=Свети Валентин&giftable=true&recipient=За жена","gifts_for_her","","23","READY","READY","","Exact structured state registered as a canonical SEO landing."
"подарък за рожден ден на жена","CREATE","/podarak-za-rozhden-den-na-zhena/","Подарък за рожден ден на жена","Подарък за рожден ден на жена – идеи за конкретния повод | Българитъм","Селекция за подарък за рожден ден на жена от български брандове. Селекцията е насочена към получател: жена; повод: рожден ден.","gift_occasion=Рожден ден&giftable=true&recipient=За жена","gifts_for_her","","112","READY","READY","","Exact structured state registered as a canonical SEO landing."
"подарък за жена на 30","CREATE","/podarak-za-30-godishen-yubiley-zhena/","Подарък за жена на 30","Подарък за жена на 30 – идеи според възрастта | Българитъм","Намери подарък за жена на 30 и прегледай подробностите за всеки продукт. Селекцията е насочена към получател: жена; възраст: 30 години.","giftable=true&recipient=За жена&recipient_age=30","gifts_for_her","","0","READY","READY","","Exact structured state registered as a canonical SEO landing."
"подарък за жена на 50","REUSE","/podarak-za-zhena-na-50/","Подарък за жена на 50","Подарък за жена на 50 – идеи според възрастта | Българитъм","Разгледай темата „Подарък за жена на 50“ и сравни подходящите предложения. Селекцията е насочена към получател: жена; възраст: 50 години.","giftable=true&recipient=За жена&recipient_age=50","gifts_for_her","","0","READY","READY","","Existing canonical landing reused and enriched from the approved registry."
"подарък за жена на 60","CREATE","/podarak-za-zhena-na-60/","Подарък за жена на 60","Подарък за жена на 60 – идеи според възрастта | Българитъм","Открий продукти в селекцията „Подарък за жена на 60“. Селекцията е насочена към получател: жена; възраст: 60 години.","giftable=true&recipient=За жена&recipient_age=60","gifts_for_her","","0","READY","READY","","Exact structured state registered as a canonical SEO landing."
"подарък за жена на 70","CREATE","/podarak-za-70-godishen-yubiley-na-zhena/","Подарък за жена на 70","Подарък за жена на 70 – идеи според възрастта | Българитъм","Сравни предложения в категорията „Подарък за жена на 70“. Селекцията е насочена към получател: жена; възраст: 70 години.","giftable=true&recipient=За жена&recipient_age=70","gifts_for_her","","0","READY","READY","","Exact structured state registered as a canonical SEO landing."
"подарък за жена на 80","CREATE","/podarak-za-80-godishen-yubiley-zhena/","Подарък за жена на 80","Подарък за жена на 80 – идеи според възрастта | Българитъм","Прегледай селекцията „Подарък за жена на 80“ от български брандове. Селекцията е насочена към получател: жена; възраст: 80 години.","giftable=true&recipient=За жена&recipient_age=80","gifts_for_her","","0","READY","READY","","Exact structured state registered as a canonical SEO landing."
"подарък за жена спортист","CREATE","/podarak-za-zhena-sportist/","Подарък за жена спортист","Подарък за жена спортист – идеи според получателя | Българитъм","Разгледай подарък за жена спортист от български брандове. Селекцията е насочена към получател: жена.","giftable=true&recipient=За жена&role_interest=Спортист","gifts_for_her","","4","READY","READY","","Exact structured state registered as a canonical SEO landing."
"подарък за учителка","CREATE","/luksozen-podarak-za-uchitelka/","Подарък за учителка","Подарък за учителка – идеи според получателя | Българитъм","Открий подарък за учителка на едно място. Селекцията е насочена към получател: жена.","giftable=true&recipient=За жена&role_interest=Учителка","gifts_for_her","","1","READY","READY","","Exact structured state registered as a canonical SEO landing."
"практичен подарък за жена","CREATE","/praktichen-podarak-za-zhena/","Практичен подарък за жена","Практичен подарък за жена – идеи според получателя | Българитъм","Практичен подарък за жена в подредена продуктова селекция. Селекцията е насочена към получател: жена.","attributes=Практичен&giftable=true&recipient=За жена","gifts_for_her","","5","READY","READY","","Exact structured state registered as a canonical SEO landing."
"романтичен подарък за жена","CREATE","/romantichen-podarak-za-zhena/","Романтичен подарък за жена","Романтичен подарък за жена – идеи според получателя | Българитъм","Търсиш романтичен подарък за жена? Селекцията е насочена към получател: жена.","attributes=Романтичен&giftable=true&recipient=За жена","gifts_for_her","","11","READY","READY","","Exact structured state registered as a canonical SEO landing."
"забавен подарък за мъж","CREATE","/zabaven-podarak-za-mazh/","Забавен подарък за мъж","Забавен подарък за мъж – идеи според получателя | Българитъм","Виж предложения за забавен подарък за мъж. Селекцията е насочена към получател: мъж.","attributes=Забавен&giftable=true&recipient=За мъж","gifts_for_him","","7","READY","READY","","Exact structured state registered as a canonical SEO landing."
"коледен подарък за мъж","REUSE","/koleden-podarak-za-mazh/","Коледен подарък за мъж","Коледен подарък за мъж – идеи за конкретния повод | Българитъм","Ориентирай се сред предложенията за коледен подарък за мъж. Селекцията е насочена към получател: мъж; повод: коледа.","gift_occasion=Коледа&giftable=true&recipient=За мъж","gifts_for_him","","0","READY","READY","","Existing canonical landing reused and enriched from the approved registry."
"персонализиран подарък за мъж","CREATE","/personaliziran-podarak-za-mazh/","Персонализиран подарък за мъж","Персонализиран подарък за мъж – идеи според получателя | Българитъм","Селекция за персонализиран подарък за мъж от български брандове. Селекцията е насочена към получател: мъж.","attributes=Персонализируем&giftable=true&recipient=За мъж","gifts_for_him","","10","READY","READY","","Exact structured state registered as a canonical SEO landing."
"подарък за мъж за дипломиране","CREATE","/podarak-za-mazh-za-diplomirane/","Подарък за мъж за дипломиране","Подарък за мъж за дипломиране – идеи за конкретния повод | Българитъм","Намери подарък за мъж за дипломиране и прегледай подробностите за всеки продукт. Селекцията е насочена към получател: мъж; повод: дипломиране.","gift_occasion=Дипломиране&giftable=true&recipient=За мъж","gifts_for_him","","0","READY","READY","","Exact structured state registered as a canonical SEO landing."
"подарък за мъж за пенсиониране","CREATE","/podarak-za-pensionirane-na-mazh/","Подарък за мъж за пенсиониране","Подарък за мъж за пенсиониране – идеи за конкретния повод | Българитъм","Разгледай темата „Подарък за мъж за пенсиониране“ и сравни подходящите предложения. Селекцията е насочена към получател: мъж; повод: пенсиониране.","gift_occasion=Пенсиониране&giftable=true&recipient=За мъж","gifts_for_him","","0","READY","READY","","Exact structured state registered as a canonical SEO landing."
"подарък за свети валентин за мъж","REUSE","/podarak-za-mazh-za-sveti-valentin/","Подарък за свети валентин за мъж","Подарък за свети валентин за мъж – идеи за конкретния повод | Българитъм","Открий продукти в селекцията „Подарък за свети валентин за мъж“. Селекцията е насочена към получател: мъж; повод: свети валентин.","gift_occasion=Свети Валентин&giftable=true&recipient=За мъж","gifts_for_him","","11","READY","READY","","Existing canonical landing reused and enriched from the approved registry."
"подарък за имен ден на мъж","REUSE","/podarak-za-mazh-za-imen-den/","Подарък за имен ден на мъж","Подарък за имен ден на мъж – идеи за конкретния повод | Българитъм","Сравни предложения в категорията „Подарък за имен ден на мъж“. Селекцията е насочена към получател: мъж; повод: имен ден.","gift_occasion=Имен ден&giftable=true&recipient=За мъж","gifts_for_him","","1","READY","READY","","Existing canonical landing reused and enriched from the approved registry."
"подарък за мъж за рожден ден","REUSE","/podarak-za-mazh-za-rozhden-den/","Подарък за мъж за рожден ден","Подарък за мъж за рожден ден – идеи за конкретния повод | Българитъм","Прегледай селекцията „Подарък за мъж за рожден ден“ от български брандове. Селекцията е насочена към получател: мъж; повод: рожден ден.","gift_occasion=Рожден ден&giftable=true&recipient=За мъж","gifts_for_him","","51","READY","READY","","Existing canonical landing reused and enriched from the approved registry."
"подарък за мъж кулинар","CREATE","/podarak-za-kulinar-mazh/","Подарък за мъж кулинар","Подарък за мъж кулинар – идеи според получателя | Българитъм","Разгледай подарък за мъж кулинар от български брандове. Селекцията е насочена към получател: мъж.","giftable=true&recipient=За мъж&role_interest=Кулинар","gifts_for_him","","1","READY","READY","","Exact structured state registered as a canonical SEO landing."
"подарък за мъж ловец","CREATE","/podarak-za-lovets-mazh/","Подарък за мъж ловец","Подарък за мъж ловец – идеи според получателя | Българитъм","Открий подарък за мъж ловец на едно място. Селекцията е насочена към получател: мъж.","giftable=true&recipient=За мъж&role_interest=Ловец","gifts_for_him","","0","READY","READY","","Exact structured state registered as a canonical SEO landing."
"подарък за мъж на 20","CREATE","/podarak-za-20-godishen-mazh/","Подарък за мъж на 20","Подарък за мъж на 20 – идеи според възрастта | Българитъм","Подарък за мъж на 20 в подредена продуктова селекция. Селекцията е насочена към получател: мъж; възраст: 20 години.","giftable=true&recipient=За мъж&recipient_age=20","gifts_for_him","","1","READY","READY","","Exact structured state registered as a canonical SEO landing."
"подарък за мъж на 25","CREATE","/podarak-za-25-godishen-mazh/","Подарък за мъж на 25","Подарък за мъж на 25 – идеи според възрастта | Българитъм","Търсиш подарък за мъж на 25? Селекцията е насочена към получател: мъж; възраст: 25 години.","giftable=true&recipient=За мъж&recipient_age=25","gifts_for_him","","0","READY","READY","","Exact structured state registered as a canonical SEO landing."
"подарък за мъж на 30","CREATE","/podarak-za-30-godishnina-na-mazh/","Подарък за мъж на 30","Подарък за мъж на 30 – идеи според възрастта | Българитъм","Виж предложения за подарък за мъж на 30. Селекцията е насочена към получател: мъж; възраст: 30 години.","giftable=true&recipient=За мъж&recipient_age=30","gifts_for_him","","1","READY","READY","","Exact structured state registered as a canonical SEO landing."
"подарък за мъж на 40","CREATE","/podarak-za-40-godishnina-na-mazh/","Подарък за мъж на 40","Подарък за мъж на 40 – идеи според възрастта | Българитъм","Ориентирай се сред предложенията за подарък за мъж на 40. Селекцията е насочена към получател: мъж; възраст: 40 години.","giftable=true&recipient=За мъж&recipient_age=40","gifts_for_him","","0","READY","READY","","Exact structured state registered as a canonical SEO landing."
"подарък за 50 годишнина на мъж","REUSE","/podarak-za-mazh-na-50/","Подарък за 50 годишнина на мъж","Подарък за 50 годишнина на мъж – идеи според възрастта | Българитъм","Селекция за подарък за 50 годишнина на мъж от български брандове. Селекцията е насочена към получател: мъж; възраст: 50 години.","giftable=true&recipient=За мъж&recipient_age=50","gifts_for_him","","0","READY","READY","","Existing canonical landing reused and enriched from the approved registry."
"подарък за мъж на 60","CREATE","/podarak-za-60-godishen-yubiley-mazh/","Подарък за мъж на 60","Подарък за мъж на 60 – идеи според възрастта | Българитъм","Намери подарък за мъж на 60 и прегледай подробностите за всеки продукт. Селекцията е насочена към получател: мъж; възраст: 60 години.","giftable=true&recipient=За мъж&recipient_age=60","gifts_for_him","","0","READY","READY","","Exact structured state registered as a canonical SEO landing."
"подарък за мъж на 70","CREATE","/podarak-za-70-godishnina-na-mazh/","Подарък за мъж на 70","Подарък за мъж на 70 – идеи според възрастта | Българитъм","Разгледай темата „Подарък за мъж на 70“ и сравни подходящите предложения. Селекцията е насочена към получател: мъж; възраст: 70 години.","giftable=true&recipient=За мъж&recipient_age=70","gifts_for_him","","0","READY","READY","","Exact structured state registered as a canonical SEO landing."
"подарък за мъж на 80","CREATE","/podarak-za-80-godishnina-na-mazh/","Подарък за мъж на 80","Подарък за мъж на 80 – идеи според възрастта | Българитъм","Открий продукти в селекцията „Подарък за мъж на 80“. Селекцията е насочена към получател: мъж; възраст: 80 години.","giftable=true&recipient=За мъж&recipient_age=80","gifts_for_him","","0","READY","READY","","Exact structured state registered as a canonical SEO landing."
"подарък за мъж рибар","CREATE","/podarak-za-mazh-ribar/","Подарък за мъж рибар","Подарък за мъж рибар – идеи според получателя | Българитъм","Сравни предложения в категорията „Подарък за мъж рибар“. Селекцията е насочена към получател: мъж.","giftable=true&recipient=За мъж&role_interest=Рибар","gifts_for_him","","0","READY","READY","","Exact structured state registered as a canonical SEO landing."
"подарък за мъж спортист","CREATE","/podarak-za-mazh-sportist/","Подарък за мъж спортист","Подарък за мъж спортист – идеи според получателя | Българитъм","Прегледай селекцията „Подарък за мъж спортист“ от български брандове. Селекцията е насочена към получател: мъж.","giftable=true&recipient=За мъж&role_interest=Спортист","gifts_for_him","","3","READY","READY","","Exact structured state registered as a canonical SEO landing."
"практичен подарък за мъж","CREATE","/praktichen-podarak-za-mazh/","Практичен подарък за мъж","Практичен подарък за мъж – идеи според получателя | Българитъм","Разгледай практичен подарък за мъж от български брандове. Селекцията е насочена към получател: мъж.","attributes=Практичен&giftable=true&recipient=За мъж","gifts_for_him","","1","READY","READY","","Exact structured state registered as a canonical SEO landing."
"романтичен подарък за мъж","CREATE","/romantichen-podarak-za-mazh/","Романтичен подарък за мъж","Романтичен подарък за мъж – идеи според получателя | Българитъм","Открий романтичен подарък за мъж на едно място. Селекцията е насочена към получател: мъж.","attributes=Романтичен&giftable=true&recipient=За мъж","gifts_for_him","","5","READY","READY","","Exact structured state registered as a canonical SEO landing."
"20 годишнина от сватба подарък","CREATE","/20-godishnina-ot-svatba-podarak/","20 годишнина от сватба подарък","20 годишнина от сватба подарък – идеи за конкретния повод | Българитъм","20 годишнина от сватба подарък в подредена продуктова селекция. Селекцията е насочена към повод: сватба.","gift_occasion=Сватба&giftable=true&wedding_anniversary_type=20 годишнина","gifts","","0","READY","READY","","Exact structured state registered as a canonical SEO landing."
"подарък за 10 годишнина от сватба","CREATE","/podarak-za-10-godishnina-ot-svatba/","Подарък за 10 годишнина от сватба","Подарък за 10 годишнина от сватба – идеи за конкретния повод | Българитъм","Търсиш подарък за 10 годишнина от сватба? Селекцията е насочена към повод: сватба.","gift_occasion=Сватба&giftable=true&wedding_anniversary_type=10 годишнина","gifts","","0","READY","READY","","Exact structured state registered as a canonical SEO landing."
"подарък за 40 годишнина от сватба","CREATE","/podarak-za-40-godishnina-ot-svatba/","Подарък за 40 годишнина от сватба","Подарък за 40 годишнина от сватба – идеи за конкретния повод | Българитъм","Виж предложения за подарък за 40 годишнина от сватба. Селекцията е насочена към повод: сватба.","gift_occasion=Сватба&giftable=true&wedding_anniversary_type=40 годишнина","gifts","","0","READY","READY","","Exact structured state registered as a canonical SEO landing."
"подарък за годишнина от сватба","CREATE","/podarak-za-godishnina-ot-svatba/","Подарък за годишнина от сватба","Подарък за годишнина от сватба – идеи за конкретния повод | Българитъм","Ориентирай се сред предложенията за подарък за годишнина от сватба. Селекцията е насочена към повод: сватба.","gift_occasion=Сватба&giftable=true&wedding_anniversary_type=Обща годишнина","gifts","","0","READY","READY","","Exact structured state registered as a canonical SEO landing."
"подарък за златна сватба","CREATE","/podarak-za-zlatna-svatba/","Подарък за златна сватба","Подарък за златна сватба – идеи за конкретния повод | Българитъм","Селекция за подарък за златна сватба от български брандове. Селекцията е насочена към повод: сватба.","gift_occasion=Сватба&giftable=true&wedding_anniversary_type=Златна сватба","gifts","","0","READY","READY","","Exact structured state registered as a canonical SEO landing."
"подарък за перлена сватба","CREATE","/podarak-za-perlena-svatba/","Подарък за перлена сватба","Подарък за перлена сватба – идеи за конкретния повод | Българитъм","Намери подарък за перлена сватба и прегледай подробностите за всеки продукт. Селекцията е насочена към повод: сватба.","gift_occasion=Сватба&giftable=true&wedding_anniversary_type=Перлена сватба","gifts","","0","READY","READY","","Exact structured state registered as a canonical SEO landing."
"подарък за първа годишнина от сватба","CREATE","/podarak-za-parva-godishnina-ot-svatba/","Подарък за първа годишнина от сватба","Подарък за първа годишнина от сватба – идеи за конкретния повод | Българитъм","Разгледай темата „Подарък за първа годишнина от сватба“ и сравни подходящите предложения. Селекцията е насочена към повод: сватба.","gift_occasion=Сватба&giftable=true&wedding_anniversary_type=Първа годишнина","gifts","","0","READY","READY","","Exact structured state registered as a canonical SEO landing."
"подарък за сребърна сватба","CREATE","/podarak-za-srebarna-svatba/","Подарък за сребърна сватба","Подарък за сребърна сватба – идеи за конкретния повод | Българитъм","Открий продукти в селекцията „Подарък за сребърна сватба“. Селекцията е насочена към повод: сватба.","gift_occasion=Сватба&giftable=true&wedding_anniversary_type=Сребърна сватба","gifts","","0","READY","READY","","Exact structured state registered as a canonical SEO landing."
"бижута от медицинска стомана","REUSE","/bizhuta-ot-meditsinska-stomana/","Бижута от медицинска стомана","Бижута от медицинска стомана – модели по вид и материал | Българитъм","Сравни предложения в категорията „Бижута от медицинска стомана“. Сравни наличните предложения и отвори продуктовите страници за подробности.","category=Аксесоари&materials=Медицинска стомана&subcategory=Бижута","accessories_jewelry","","3","READY","READY","","Existing canonical landing reused and enriched from the approved registry."
"бижута с диамант","CREATE","/bizhuta-s-diamanti/","Бижута с диамант","Бижута с диамант – бижута според камъка | Българитъм","Прегледай селекцията „Бижута с диамант“ от български брандове. Сравни наличните предложения и отвори продуктовите страници за подробности.","category=Аксесоари&gemstone=Диамант&subcategory=Бижута","accessories_jewelry","","0","READY","READY","","Exact structured state registered as a canonical SEO landing."
"бижута с изумруд","CREATE","/bizhuta-s-izumrud/","Бижута с изумруд","Бижута с изумруд – бижута според камъка | Българитъм","Разгледай бижута с изумруд от български брандове. Сравни наличните предложения и отвори продуктовите страници за подробности.","category=Аксесоари&gemstone=Изумруд&subcategory=Бижута","accessories_jewelry","","0","READY","READY","","Exact structured state registered as a canonical SEO landing."
"бижута с кехлибар","CREATE","/bizhuta-ot-kehlibar/","Бижута с кехлибар","Бижута с кехлибар – бижута според камъка | Българитъм","Открий бижута с кехлибар на едно място. Сравни наличните предложения и отвори продуктовите страници за подробности.","category=Аксесоари&gemstone=Кехлибар&subcategory=Бижута","accessories_jewelry","","0","READY","READY","","Exact structured state registered as a canonical SEO landing."
"бижута с лабрадорит","CREATE","/bizhuta-s-labradorit/","Бижута с лабрадорит","Бижута с лабрадорит – бижута според камъка | Българитъм","Бижута с лабрадорит в подредена продуктова селекция. Сравни наличните предложения и отвори продуктовите страници за подробности.","category=Аксесоари&gemstone=Лабрадорит&subcategory=Бижута","accessories_jewelry","","0","READY","READY","","Exact structured state registered as a canonical SEO landing."
"бижута с мойсанит","CREATE","/bizhuta-s-moysanit/","Бижута с мойсанит","Бижута с мойсанит – бижута според камъка | Българитъм","Търсиш бижута с мойсанит? Сравни наличните предложения и отвори продуктовите страници за подробности.","category=Аксесоари&gemstone=Мойсанит&subcategory=Бижута","accessories_jewelry","","0","READY","READY","","Exact structured state registered as a canonical SEO landing."
"бижута с перли","REUSE","/bizhuta-s-perli/","Бижута с перли","Бижута с перли – бижута според камъка | Българитъм","Виж предложения за бижута с перли. Сравни наличните предложения и отвори продуктовите страници за подробности.","category=Аксесоари&gemstone=Перла&subcategory=Бижута","accessories_jewelry","","11","READY","READY","","Existing canonical landing reused and enriched from the approved registry."
"бижута с рубин","CREATE","/bizhuta-s-rubin/","Бижута с рубин","Бижута с рубин – бижута според камъка | Българитъм","Ориентирай се сред предложенията за бижута с рубин. Сравни наличните предложения и отвори продуктовите страници за подробности.","category=Аксесоари&gemstone=Рубин&subcategory=Бижута","accessories_jewelry","","0","READY","READY","","Exact structured state registered as a canonical SEO landing."
"бижута с тигрово око","CREATE","/bizhuta-s-tigrovo-oko/","Бижута с тигрово око","Бижута с тигрово око – бижута според камъка | Българитъм","Селекция за бижута с тигрово око от български брандове. Сравни наличните предложения и отвори продуктовите страници за подробности.","category=Аксесоари&gemstone=Тигрово око&subcategory=Бижута","accessories_jewelry","","0","READY","READY","","Exact structured state registered as a canonical SEO landing."
"бижута с хематит","CREATE","/bizhuta-s-hematit/","Бижута с хематит","Бижута с хематит – бижута според камъка | Българитъм","Намери бижута с хематит и прегледай подробностите за всеки продукт. Сравни наличните предложения и отвори продуктовите страници за подробности.","category=Аксесоари&gemstone=Хематит&subcategory=Бижута","accessories_jewelry","","1","READY","READY","","Exact structured state registered as a canonical SEO landing."
"бижута с цитрин","CREATE","/bizhuta-s-tsitrin/","Бижута с цитрин","Бижута с цитрин – бижута според камъка | Българитъм","Разгледай темата „Бижута с цитрин“ и сравни подходящите предложения. Сравни наличните предложения и отвори продуктовите страници за подробности.","category=Аксесоари&gemstone=Цитрин&subcategory=Бижута","accessories_jewelry","","0","READY","READY","","Exact structured state registered as a canonical SEO landing."
"бижута с черен турмалин","CREATE","/bizhuta-s-cheren-turmalin/","Бижута с черен турмалин","Бижута с черен турмалин – бижута според камъка | Българитъм","Открий продукти в селекцията „Бижута с черен турмалин“. Сравни наличните предложения и отвори продуктовите страници за подробности.","category=Аксесоари&gemstone=Черен турмалин&subcategory=Бижута","accessories_jewelry","","0","READY","READY","","Exact structured state registered as a canonical SEO landing."
"български бижута","REUSE","/k/bijuta/","Български бижута","Български бижута – модели по вид и материал | Българитъм","Сравни предложения в категорията „Български бижута“. Сравни наличните предложения и отвори продуктовите страници за подробности.","category=Аксесоари&subcategory=Бижута","accessories_jewelry","","36","READY","READY","","Existing canonical landing reused and enriched from the approved registry."
"годежен пръстен с диамант","CREATE","/godezhen-prasten-s-diamant/","Годежен пръстен с диамант","Годежен пръстен с диамант – бижута според камъка | Българитъм","Прегледай селекцията „Годежен пръстен с диамант“ от български брандове. Сравни наличните предложения и отвори продуктовите страници за подробности.","category=Аксесоари&gemstone=Диамант&jewelry_detail=Годежен&product_type=Пръстени&subcategory=Бижута","accessories_jewelry","","0","READY","READY","","Exact structured state registered as a canonical SEO landing."
"годежни пръстени","CREATE","/godezhni-prasteni/","Годежни пръстени","Годежни пръстени – бижута според детайла | Българитъм","Разгледай годежни пръстени от български брандове. Сравни наличните предложения и отвори продуктовите страници за подробности.","category=Аксесоари&jewelry_detail=Годежен&product_type=Пръстени&subcategory=Бижута","accessories_jewelry","","2","READY","READY","","Exact structured state registered as a canonical SEO landing."
"гривна с буква","CREATE","/grivna-s-bukva/","Гривна с буква","Гривна с буква – бижута според детайла | Българитъм","Открий гривна с буква на едно място. Сравни наличните предложения и отвори продуктовите страници за подробности.","category=Аксесоари&jewelry_detail=Буква&product_type=Гривни&subcategory=Бижута","accessories_jewelry","","0","READY","READY","","Exact structured state registered as a canonical SEO landing."
"гривна с име","CREATE","/grivna-s-ime/","Гривна с име","Гривна с име – бижута според детайла | Българитъм","Гривна с име в подредена продуктова селекция. Сравни наличните предложения и отвори продуктовите страници за подробности.","category=Аксесоари&jewelry_detail=Име&product_type=Гривни&subcategory=Бижута","accessories_jewelry","","0","READY","READY","","Exact structured state registered as a canonical SEO landing."
"гривна с кръст","CREATE","/grivna-s-krast/","Гривна с кръст","Гривна с кръст – бижута според детайла | Българитъм","Търсиш гривна с кръст? Сравни наличните предложения и отвори продуктовите страници за подробности.","category=Аксесоари&jewelry_detail=Кръст&product_type=Гривни&subcategory=Бижута","accessories_jewelry","","0","READY","READY","","Exact structured state registered as a canonical SEO landing."
"гривна червен конец","CREATE","/grivna-cherven-konets/","Гривна червен конец","Гривна червен конец – бижута според детайла | Българитъм","Виж предложения за гривна червен конец. Сравни наличните предложения и отвори продуктовите страници за подробности.","category=Аксесоари&jewelry_detail=Червен конец&product_type=Гривни&subcategory=Бижута","accessories_jewelry","","0","READY","READY","","Exact structured state registered as a canonical SEO landing."
"гривни от медицинска стомана","CREATE","/grivni-ot-meditsinska-stomana/","Гривни от медицинска стомана","Гривни от медицинска стомана – модели по вид и материал | Българитъм","Ориентирай се сред предложенията за гривни от медицинска стомана. Сравни наличните предложения и отвори продуктовите страници за подробности.","category=Аксесоари&materials=Медицинска стомана&product_type=Гривни&subcategory=Бижута","accessories_jewelry","","0","READY","READY","","Exact structured state registered as a canonical SEO landing."
"гривни от сребро","CREATE","/grivna-srebro/","Гривни от сребро","Гривни от сребро – модели по вид и материал | Българитъм","Селекция за гривни от сребро от български брандове. Сравни наличните предложения и отвори продуктовите страници за подробности.","category=Аксесоари&materials=Сребро&product_type=Гривни&subcategory=Бижута","accessories_jewelry","","1","READY","READY","","Exact structured state registered as a canonical SEO landing."
"златен пръстен","CREATE","/zlaten-prasten/","Златен пръстен","Златен пръстен – модели по вид и материал | Българитъм","Намери златен пръстен и прегледай подробностите за всеки продукт. Сравни наличните предложения и отвори продуктовите страници за подробности.","category=Аксесоари&materials=Злато&product_type=Пръстени&subcategory=Бижута","accessories_jewelry","","4","READY","READY","","Exact structured state registered as a canonical SEO landing."
"златен пръстен с диамант","CREATE","/zlaten-prasten-s-diamant/","Златен пръстен с диамант","Златен пръстен с диамант – бижута според камъка | Българитъм","Разгледай темата „Златен пръстен с диамант“ и сравни подходящите предложения. Сравни наличните предложения и отвори продуктовите страници за подробности.","category=Аксесоари&gemstone=Диамант&materials=Злато&product_type=Пръстени&subcategory=Бижута","accessories_jewelry","","0","READY","READY","","Exact structured state registered as a canonical SEO landing."
"златен пръстен с рубин","CREATE","/zlaten-prasten-s-rubin/","Златен пръстен с рубин","Златен пръстен с рубин – бижута според камъка | Българитъм","Открий продукти в селекцията „Златен пръстен с рубин“. Сравни наличните предложения и отвори продуктовите страници за подробности.","category=Аксесоари&gemstone=Рубин&materials=Злато&product_type=Пръстени&subcategory=Бижута","accessories_jewelry","","0","READY","READY","","Exact structured state registered as a canonical SEO landing."
"златна гривна","CREATE","/zlatna-grivna/","Златна гривна","Златна гривна – модели по вид и материал | Българитъм","Сравни предложения в категорията „Златна гривна“. Сравни наличните предложения и отвори продуктовите страници за подробности.","category=Аксесоари&materials=Злато&product_type=Гривни&subcategory=Бижута","accessories_jewelry","","0","READY","READY","","Exact structured state registered as a canonical SEO landing."
"златни колиета","CREATE","/zlatni-kolieta/","Златни колиета","Златни колиета – модели по вид и материал | Българитъм","Прегледай селекцията „Златни колиета“ от български брандове. Сравни наличните предложения и отвори продуктовите страници за подробности.","category=Аксесоари&materials=Злато&product_type=Колиета&subcategory=Бижута","accessories_jewelry","","2","READY","READY","","Exact structured state registered as a canonical SEO landing."
"златни обеци","CREATE","/zlatna-obetsa/","Златни обеци","Златни обеци – модели по вид и материал | Българитъм","Разгледай златни обеци от български брандове. Сравни наличните предложения и отвори продуктовите страници за подробности.","category=Аксесоари&materials=Злато&product_type=Обеци&subcategory=Бижута","accessories_jewelry","","0","READY","READY","","Exact structured state registered as a canonical SEO landing."
"златни обеци с диаманти","CREATE","/zlatni-obetsi-s-diamanti/","Златни обеци с диаманти","Златни обеци с диаманти – бижута според камъка | Българитъм","Открий златни обеци с диаманти на едно място. Сравни наличните предложения и отвори продуктовите страници за подробности.","category=Аксесоари&gemstone=Диамант&materials=Злато&product_type=Обеци&subcategory=Бижута","accessories_jewelry","","0","READY","READY","","Exact structured state registered as a canonical SEO landing."
"златно колие с диамант","CREATE","/zlatno-kolie-s-diamant/","Златно колие с диамант","Златно колие с диамант – бижута според камъка | Българитъм","Златно колие с диамант в подредена продуктова селекция. Сравни наличните предложения и отвори продуктовите страници за подробности.","category=Аксесоари&gemstone=Диамант&materials=Злато&product_type=Колиета&subcategory=Бижута","accessories_jewelry","","0","READY","READY","","Exact structured state registered as a canonical SEO landing."
"златно колие с перла","CREATE","/zlatno-kolie-s-perla/","Златно колие с перла","Златно колие с перла – бижута според камъка | Българитъм","Търсиш златно колие с перла? Сравни наличните предложения и отвори продуктовите страници за подробности.","category=Аксесоари&gemstone=Перла&materials=Злато&product_type=Колиета&subcategory=Бижута","accessories_jewelry","","0","READY","READY","","Exact structured state registered as a canonical SEO landing."
"колиета от медицинска стомана","CREATE","/kolieta-ot-meditsinska-stomana/","Колиета от медицинска стомана","Колиета от медицинска стомана – модели по вид и материал | Българитъм","Виж предложения за колиета от медицинска стомана. Сравни наличните предложения и отвори продуктовите страници за подробности.","category=Аксесоари&materials=Медицинска стомана&product_type=Колиета&subcategory=Бижута","accessories_jewelry","","0","READY","READY","","Exact structured state registered as a canonical SEO landing."
"колиета от сребро","CREATE","/srebarni-kolieta/","Колиета от сребро","Колиета от сребро – модели по вид и материал | Българитъм","Ориентирай се сред предложенията за колиета от сребро. Сравни наличните предложения и отвори продуктовите страници за подробности.","category=Аксесоари&materials=Сребро&product_type=Колиета&subcategory=Бижута","accessories_jewelry","","4","READY","READY","","Exact structured state registered as a canonical SEO landing."
"мъжки бижута","REUSE","/mazhki-bizhuta/","Мъжки бижута","Мъжки бижута – модели по вид и материал | Българитъм","Селекция за мъжки бижута от български брандове. Сравни наличните предложения и отвори продуктовите страници за подробности.","category=Аксесоари&subcategory=Мъжки бижута","accessories_jewelry","","12","READY","READY","","Existing canonical landing reused and enriched from the approved registry."
"обеци от медицинска стомана","CREATE","/obetsi-ot-meditsinska-stomana/","Обеци от медицинска стомана","Обеци от медицинска стомана – модели по вид и материал | Българитъм","Намери обеци от медицинска стомана и прегледай подробностите за всеки продукт. Сравни наличните предложения и отвори продуктовите страници за подробности.","category=Аксесоари&materials=Медицинска стомана&product_type=Обеци&subcategory=Бижута","accessories_jewelry","","3","READY","READY","","Exact structured state registered as a canonical SEO landing."
"обеци от сребро","CREATE","/obetsi-ot-srebro/","Обеци от сребро","Обеци от сребро – модели по вид и материал | Българитъм","Разгледай темата „Обеци от сребро“ и сравни подходящите предложения. Сравни наличните предложения и отвори продуктовите страници за подробности.","category=Аксесоари&materials=Сребро&product_type=Обеци&subcategory=Бижута","accessories_jewelry","","9","READY","READY","","Exact structured state registered as a canonical SEO landing."
"пръстени от медицинска стомана","CREATE","/prasteni-ot-meditsinska-stomana/","Пръстени от медицинска стомана","Пръстени от медицинска стомана – модели по вид и материал | Българитъм","Открий продукти в селекцията „Пръстени от медицинска стомана“. Сравни наличните предложения и отвори продуктовите страници за подробности.","category=Аксесоари&materials=Медицинска стомана&product_type=Пръстени&subcategory=Бижута","accessories_jewelry","","0","READY","READY","","Exact structured state registered as a canonical SEO landing."
"пръстени от сребро","CREATE","/prasteni-srebro/","Пръстени от сребро","Пръстени от сребро – модели по вид и материал | Българитъм","Сравни предложения в категорията „Пръстени от сребро“. Сравни наличните предложения и отвори продуктовите страници за подробности.","category=Аксесоари&materials=Сребро&product_type=Пръстени&subcategory=Бижута","accessories_jewelry","","0","READY","READY","","Exact structured state registered as a canonical SEO landing."
"тигрово око гривна","CREATE","/tigrovo-oko-grivna/","Тигрово око гривна","Тигрово око гривна – бижута според камъка | Българитъм","Прегледай селекцията „Тигрово око гривна“ от български брандове. Сравни наличните предложения и отвори продуктовите страници за подробности.","category=Аксесоари&gemstone=Тигрово око&product_type=Гривни&subcategory=Бижута","accessories_jewelry","","0","READY","READY","","Exact structured state registered as a canonical SEO landing."
"хематит гривна","CREATE","/hematit-grivna/","Хематит гривна","Хематит гривна – бижута според камъка | Българитъм","Разгледай хематит гривна от български брандове. Сравни наличните предложения и отвори продуктовите страници за подробности.","category=Аксесоари&gemstone=Хематит&product_type=Гривни&subcategory=Бижута","accessories_jewelry","","0","READY","READY","","Exact structured state registered as a canonical SEO landing."
"цитрин гривна","CREATE","/tsitrin-grivna/","Цитрин гривна","Цитрин гривна – бижута според камъка | Българитъм","Открий цитрин гривна на едно място. Сравни наличните предложения и отвори продуктовите страници за подробности.","category=Аксесоари&gemstone=Цитрин&product_type=Гривни&subcategory=Бижута","accessories_jewelry","","0","READY","READY","","Exact structured state registered as a canonical SEO landing."
"български свещи","CREATE","/bulgarski-sveshti/","Български свещи","Български свещи – селекция от български брандове | Българитъм","Български свещи в подредена продуктова селекция. Сравни наличните предложения и отвори продуктовите страници за подробности.","category=Дом и интериор&product_type=Ароматни свещи&subcategory=Аромати за дома","home","","6","READY","READY","","Exact structured state registered as a canonical SEO landing."
"българска бебешка козметика","CREATE","/bulgarska-bebeshka-kozmetika/","Българска бебешка козметика","Българска бебешка козметика – продукти по вид грижа | Българитъм","Търсиш българска бебешка козметика? Сравни наличните предложения и отвори продуктовите страници за подробности.","category=Деца и бебе&subcategory=Бебешка грижа","kids_cosmetics","","5","READY","READY","","Exact structured state registered as a canonical SEO landing."
"български домашен текстил","REUSE","/k/domashen-tekstil/","Български домашен текстил","Български домашен текстил – селекция от български брандове | Българитъм","Виж предложения за български домашен текстил. Сравни наличните предложения и отвори продуктовите страници за подробности.","category=Дом и интериор&subcategory=Домашен текстил","home_textiles","","13","READY","READY","","Existing canonical landing reused and enriched from the approved registry."
"български спално бельо","CREATE","/bulgarsko-spalno-belyo/","Българско спално бельо","Българско спално бельо – селекция от български брандове | Българитъм","Ориентирай се сред предложенията за българско спално бельо. Сравни наличните предложения и отвори продуктовите страници за подробности.","category=Дом и интериор&product_type=Спално бельо&subcategory=Домашен текстил","home_textiles","","13","READY","READY","","Exact structured state registered as a canonical SEO landing."
"български детски играчки","CREATE","/bulgarski-detski-igrachki/","Български детски играчки","Български детски играчки – селекция от български брандове | Българитъм","Селекция за български детски играчки от български брандове. Сравни наличните предложения и отвори продуктовите страници за подробности.","category=Деца и бебе&subcategory=Играчки","kids_toys","","9","READY","READY","","Exact structured state registered as a canonical SEO landing."
"български детски книги","CREATE","/bulgarski-detski-knigi/","Български детски книги","Български детски книги – селекция от български брандове | Българитъм","Намери български детски книги и прегледай подробностите за всеки продукт. Сравни наличните предложения и отвори продуктовите страници за подробности.","category=Книги, игри и творчество&product_type=Детски книги&subcategory=Книги","fun_books","","2","READY","READY","","Exact structured state registered as a canonical SEO landing."
