input_index,url,name_bg,brand_name,status,confidence,warnings
1,https://dp-silver.com/product/gk2,Гривна с кожа и сребърни елементи №2,DP Silver,REVIEW,HIGH,NEW_BRAND_REVIEW_REQUIRED|SOURCE_PRICE_NOT_MAPPED_TO_APPROXIMATE_RANGE
2,https://dp-silver.com/product/g151,Нежна гривна Камъче №151,DP Silver,REVIEW,HIGH,NEW_BRAND_REVIEW_REQUIRED|SOURCE_PRICE_NOT_MAPPED_TO_APPROXIMATE_RANGE|MISSING_MATERIALS
3,https://dp-silver.com/product/grivna-za-glezen-kamache,Гривна за глезен Камъче,DP Silver,REVIEW,HIGH,NEW_BRAND_REVIEW_REQUIRED|SOURCE_PRICE_NOT_MAPPED_TO_APPROXIMATE_RANGE|MISSING_MATERIALS
4,https://dp-silver.com/product/grivna-za-glezen-infiniti,Гривна за глезен Инфинити,DP Silver,REVIEW,HIGH,NEW_BRAND_REVIEW_REQUIRED|SOURCE_PRICE_NOT_MAPPED_TO_APPROXIMATE_RANGE|MISSING_MATERIALS
5,https://dp-silver.com/product/gch1-4,Гривна с конец и закопчалка Кръст,DP Silver,REVIEW,HIGH,NEW_BRAND_REVIEW_REQUIRED|SOURCE_PRICE_NOT_MAPPED_TO_APPROXIMATE_RANGE|MISSING_MATERIALS
6,https://dp-silver.com/product/tvarda-tanka-grivna,Твърда тънка гривна №15,DP Silver,REVIEW,HIGH,NEW_BRAND_REVIEW_REQUIRED|SOURCE_PRICE_NOT_MAPPED_TO_APPROXIMATE_RANGE|MISSING_MATERIALS
7,https://dp-silver.com/product/majka-grivna-s-izdaljeni-elementi,Мъжка гривна с издължени елементи №170,DP Silver,REVIEW,HIGH,NEW_BRAND_REVIEW_REQUIRED|SOURCE_PRICE_NOT_MAPPED_TO_APPROXIMATE_RANGE|MISSING_MATERIALS
8,https://dp-silver.com/product/grivna-s-bukva-a,Гривна с буква А,DP Silver,REVIEW,HIGH,NEW_BRAND_REVIEW_REQUIRED|SOURCE_PRICE_NOT_MAPPED_TO_APPROXIMATE_RANGE
9,https://dp-silver.com/product/grivna-s-bukva-b,Гривна с буква Б,DP Silver,REVIEW,HIGH,NEW_BRAND_REVIEW_REQUIRED|SOURCE_PRICE_NOT_MAPPED_TO_APPROXIMATE_RANGE
10,https://dp-silver.com/product/l104,Колие с вълнообразни елементи и камъни №104,DP Silver,REVIEW,HIGH,NEW_BRAND_REVIEW_REQUIRED|SOURCE_PRICE_NOT_MAPPED_TO_APPROXIMATE_RANGE
11,https://dp-silver.com/product/l49,Сребърно колие с инкрустирани циркони №49,DP Silver,REVIEW,HIGH,NEW_BRAND_REVIEW_REQUIRED|SOURCE_PRICE_NOT_MAPPED_TO_APPROXIMATE_RANGE
12,https://dp-silver.com/product/l51k,Елегантно сребърно колие с камъни №51к,DP Silver,REVIEW,HIGH,NEW_BRAND_REVIEW_REQUIRED|SOURCE_PRICE_NOT_MAPPED_TO_APPROXIMATE_RANGE
13,https://dp-silver.com/product/korda-s-kapkovidno-kamache,Корда с капковидно камъче,DP Silver,REVIEW,HIGH,NEW_BRAND_REVIEW_REQUIRED|SOURCE_PRICE_NOT_MAPPED_TO_APPROXIMATE_RANGE|MISSING_MATERIALS
14,https://dp-silver.com/product/kolie-elegans,Колие Елеганс,DP Silver,REVIEW,HIGH,NEW_BRAND_REVIEW_REQUIRED|SOURCE_PRICE_NOT_MAPPED_TO_APPROXIMATE_RANGE|MISSING_MATERIALS
15,https://dp-silver.com/product/ob101,Мини блестящи халки №101,DP Silver,REVIEW,HIGH,NEW_BRAND_REVIEW_REQUIRED|SOURCE_PRICE_NOT_MAPPED_TO_APPROXIMATE_RANGE
16,https://dp-silver.com/product/f3g,Класически обици халки - голям размер №3г,DP Silver,REVIEW,HIGH,NEW_BRAND_REVIEW_REQUIRED|SOURCE_PRICE_NOT_MAPPED_TO_APPROXIMATE_RANGE
17,https://dp-silver.com/product/visyashti-ob177,Висящи обици принцеса Даяна №177,DP Silver,REVIEW,HIGH,NEW_BRAND_REVIEW_REQUIRED|SOURCE_PRICE_NOT_MAPPED_TO_APPROXIMATE_RANGE
18,https://dp-silver.com/product/ob91,Изкуство №91,DP Silver,REVIEW,HIGH,NEW_BRAND_REVIEW_REQUIRED|SOURCE_PRICE_NOT_MAPPED_TO_APPROXIMATE_RANGE
19,https://dp-silver.com/product/ob70,Халки с троен блясък №70,DP Silver,REVIEW,HIGH,NEW_BRAND_REVIEW_REQUIRED|SOURCE_PRICE_NOT_MAPPED_TO_APPROXIMATE_RANGE
20,https://dp-silver.com/product/ob73,Обици Слънчеви лъчи №73,DP Silver,REVIEW,HIGH,NEW_BRAND_REVIEW_REQUIRED|SOURCE_PRICE_NOT_MAPPED_TO_APPROXIMATE_RANGE
21,https://dp-silver.com/product/p110,Блестящи извивки №110,DP Silver,REVIEW,HIGH,NEW_BRAND_REVIEW_REQUIRED|SOURCE_PRICE_NOT_MAPPED_TO_APPROXIMATE_RANGE
22,https://dp-silver.com/product/p117,Тройни лъчи №117,DP Silver,REVIEW,HIGH,NEW_BRAND_REVIEW_REQUIRED|SOURCE_PRICE_NOT_MAPPED_TO_APPROXIMATE_RANGE
23,https://dp-silver.com/product/p119,Докосване №119,DP Silver,REVIEW,HIGH,NEW_BRAND_REVIEW_REQUIRED|SOURCE_PRICE_NOT_MAPPED_TO_APPROXIMATE_RANGE
24,https://dp-silver.com/product/p121,Бляскава халка №121,DP Silver,REVIEW,HIGH,NEW_BRAND_REVIEW_REQUIRED|SOURCE_PRICE_NOT_MAPPED_TO_APPROXIMATE_RANGE
25,https://dp-silver.com/product/p129,Семпъл изчистен пръстен №129,DP Silver,REVIEW,HIGH,NEW_BRAND_REVIEW_REQUIRED|SOURCE_PRICE_NOT_MAPPED_TO_APPROXIMATE_RANGE
26,https://dp-silver.com/product/p190,Змийче №190,DP Silver,REVIEW,HIGH,NEW_BRAND_REVIEW_REQUIRED|SOURCE_PRICE_NOT_MAPPED_TO_APPROXIMATE_RANGE
27,https://dp-silver.com/product/p187,Квадрати и седеф №187,DP Silver,REVIEW,HIGH,NEW_BRAND_REVIEW_REQUIRED|SOURCE_PRICE_NOT_MAPPED_TO_APPROXIMATE_RANGE
28,https://dp-silver.com/product/p208,Седефена спирала №208,DP Silver,REVIEW,HIGH,NEW_BRAND_REVIEW_REQUIRED|SOURCE_PRICE_NOT_MAPPED_TO_APPROXIMATE_RANGE
29,https://dp-silver.com/product/p158,Блестящо слънце №158,DP Silver,REVIEW,HIGH,NEW_BRAND_REVIEW_REQUIRED|SOURCE_PRICE_NOT_MAPPED_TO_APPROXIMATE_RANGE
30,https://dp-silver.com/product/p203,Нежен годежен пръстен №203,DP Silver,REVIEW,HIGH,NEW_BRAND_REVIEW_REQUIRED|SOURCE_PRICE_NOT_MAPPED_TO_APPROXIMATE_RANGE
31,https://dp-silver.com/product/p217,"""Бъди моя спътница"" №217",DP Silver,REVIEW,HIGH,NEW_BRAND_REVIEW_REQUIRED|SOURCE_PRICE_NOT_MAPPED_TO_APPROXIMATE_RANGE
32,https://dp-silver.com/product/m21,Ангел-пазител №21,DP Silver,REVIEW,HIGH,NEW_BRAND_REVIEW_REQUIRED|SOURCE_PRICE_NOT_MAPPED_TO_APPROXIMATE_RANGE
33,https://dp-silver.com/product/s120,Капковидна нежност и блясък,DP Silver,REVIEW,HIGH,NEW_BRAND_REVIEW_REQUIRED|SOURCE_PRICE_NOT_MAPPED_TO_APPROXIMATE_RANGE
34,https://dp-silver.com/product/s891,Седефени стрелки,DP Silver,REVIEW,HIGH,NEW_BRAND_REVIEW_REQUIRED|SOURCE_PRICE_NOT_MAPPED_TO_APPROXIMATE_RANGE
35,https://dp-silver.com/product/s208,Водни кончета,DP Silver,REVIEW,HIGH,NEW_BRAND_REVIEW_REQUIRED|SOURCE_PRICE_NOT_MAPPED_TO_APPROXIMATE_RANGE
36,https://dp-silver.com/product/s233,Мини капчици,DP Silver,REVIEW,HIGH,NEW_BRAND_REVIEW_REQUIRED|SOURCE_PRICE_NOT_MAPPED_TO_APPROXIMATE_RANGE
37,https://dp-silver.com/product/perli-i-nejnost,Капковидни перли и нежност,DP Silver,REVIEW,HIGH,NEW_BRAND_REVIEW_REQUIRED|SOURCE_PRICE_NOT_MAPPED_TO_APPROXIMATE_RANGE|MISSING_MATERIALS
38,https://dp-silver.com/product/komplekt-perleno-cvete,Комплект Перлено цвете,DP Silver,REVIEW,HIGH,NEW_BRAND_REVIEW_REQUIRED|SOURCE_PRICE_NOT_MAPPED_TO_APPROXIMATE_RANGE|MISSING_MATERIALS
39,https://dp-silver.com/product/personalizirano-kolie-s-ime-poli,"Персонализирано колие с име ""Поли""",DP Silver,REVIEW,HIGH,NEW_BRAND_REVIEW_REQUIRED|SOURCE_PRICE_NOT_MAPPED_TO_APPROXIMATE_RANGE
40,https://dp-silver.com/product/personalizirano-kolie-s-ime-gergana,"Персонализирано колие с име ""Гергана""",DP Silver,REVIEW,HIGH,NEW_BRAND_REVIEW_REQUIRED|SOURCE_PRICE_NOT_MAPPED_TO_APPROXIMATE_RANGE
41,https://dp-silver.com/product/personalizirano-kolie-s-ime-cveta,Персонализирано колие с име Цвета,DP Silver,REVIEW,HIGH,NEW_BRAND_REVIEW_REQUIRED|SOURCE_PRICE_NOT_MAPPED_TO_APPROXIMATE_RANGE
42,https://dp-silver.com/product/grivna-s-konec-i-zlatna-bukva,Гривна с конец и златна буква,DP Silver,REVIEW,HIGH,NEW_BRAND_REVIEW_REQUIRED|SOURCE_PRICE_NOT_MAPPED_TO_APPROXIMATE_RANGE|MISSING_MATERIALS
43,https://dp-silver.com/product/grivna-s-konec-i-zlatna-bukva-2,Гривна с конец и златна буква,DP Silver,REVIEW,HIGH,NEW_BRAND_REVIEW_REQUIRED|BATCH_SLUG_COLLISION|SOURCE_PRICE_NOT_MAPPED_TO_APPROXIMATE_RANGE|MISSING_MATERIALS
44,https://astogold.bg/bg/magazin/kolie-byalo-zlato-14k-estestveni-diamanti-0-14ct-vs-g-asto-gold,Колие от бяло злато 14K с естествени диаманти 0.14ct VS/G | ASTO Gold,ASTO Gold,REVIEW,HIGH,NEW_BRAND_REVIEW_REQUIRED
45,https://astogold.bg/bg/magazin/kolie-rozovo-byalo-zlato-14k-diamanti-0-14ct-vs-g-asto-gold,Колие от розово и бяло злато 14K с диаманти 0.14ct VS/G | ASTO Gold,ASTO Gold,REVIEW,HIGH,NEW_BRAND_REVIEW_REQUIRED
46,https://astogold.bg/bg/magazin/moderen-zlaten-prasten-diamanti-0-21ct-asto-gold,Модерен Златен Пръстен с Диаманти 0.21ct. | ASTO Gold,ASTO Gold,REVIEW,HIGH,NEW_BRAND_REVIEW_REQUIRED
47,https://astogold.bg/bg/magazin/zlatni-obetsi-zhalto-zlato-14k-tsirkoni-florin,"Златни обеци халки ""Флорин"" от жълто злато 14К с циркони",ASTO Gold,REVIEW,HIGH,NEW_BRAND_REVIEW_REQUIRED
48,https://astogold.bg/bg/magazin/zlatna-visulki-sarce-zhalto-zlato-tsirkon-astogold-1,"Златна висулка ""Сърце"" от жълто злато 14К с цикрони",ASTO Gold,REVIEW,HIGH,NEW_BRAND_REVIEW_REQUIRED|MISSING_MATERIALS
49,https://astogold.bg/bg/magazin/prasten-zhalto-zlato-izumrudi-diamanti-14k-asto-gold,Пръстен от Жълто Злато с Изумруди и Диаманти 14K | ASTO Gold,ASTO Gold,REVIEW,HIGH,NEW_BRAND_REVIEW_REQUIRED
50,https://astogold.bg/bg/magazin/godezhen-prasten-byalo-zlato-diamanti-0-09-karata-asto-gold,Годежен Пръстен от Бяло Злато с Диаманти 0.09 карата | ASTO Gold,ASTO Gold,REVIEW,HIGH,NEW_BRAND_REVIEW_REQUIRED
51,https://astogold.bg/bg/magazin/zlatna-grivna-unikalna-pletka-byalo-zhalto-zlato-14k-asto,Златна Гривна с Уникална Плетка Бяло и Жълто Злато 14К | ASTO,ASTO Gold,REVIEW,HIGH,NEW_BRAND_REVIEW_REQUIRED
52,https://astogold.bg/bg/magazin/damska-zlatna-grivna-valnoobrazen-dizayn-14k-asto,Дамска Златна Гривна с Вълнообразен Дизайн 14К | ASTO,ASTO Gold,REVIEW,HIGH,NEW_BRAND_REVIEW_REQUIRED
53,https://astogold.bg/bg/magazin/godezhen-prasten-byalo-zlato-diamant-0-18ct-vs1-f-asto-gold,Годежен Пръстен от Бяло Злато с Диамант 0.18ct. VS1/F | ASTO Gold,ASTO Gold,REVIEW,HIGH,NEW_BRAND_REVIEW_REQUIRED
54,https://astogold.bg/bg/magazin/zlatni-obetsi-estestveni-diamanti-2x0-24ct-aura-asto-gold,Златни Обеци с Естествени Диаманти 2x0.24ct. „Aura“ | ASTO Gold,ASTO Gold,REVIEW,HIGH,NEW_BRAND_REVIEW_REQUIRED
55,https://astogold.bg/bg/magazin/prasten-ruby-royal-estestven-rubin-diamanti,Пръстен „Ruby Royal“ с естествен рубин и диаманти,ASTO Gold,REVIEW,HIGH,NEW_BRAND_REVIEW_REQUIRED
56,https://astogold.bg/bg/magazin/prasten-aura-mint-zhalto-zlato-14k-0-13ct-diamanti,Пръстен Aura Mint от жълто злато 14К с 0.13ct. диаманти,ASTO Gold,REVIEW,HIGH,NEW_BRAND_REVIEW_REQUIRED
57,https://astogold.bg/bg/magazin/prasten-aura-rose-rozovo-zlato-0-13ct-diamanti,Пръстен Aura Rose от розово злато с 0.13ct. диаманти,ASTO Gold,REVIEW,HIGH,NEW_BRAND_REVIEW_REQUIRED
58,https://astogold.bg/bg/magazin/diamanten-prasten-royal-asscher-heritage-byalo-zlato,Диамантен пръстен „Royal Asscher Heritage“ от бяло злато,ASTO Gold,REVIEW,HIGH,NEW_BRAND_REVIEW_REQUIRED
59,https://astogold.bg/bg/magazin/diamantena-tenis-grivna-estestveni-diamanti-0-54ct,Диамантена тенис гривна с естествени диаманти 0.54ct.,ASTO Gold,REVIEW,HIGH,NEW_BRAND_REVIEW_REQUIRED
60,https://astogold.bg/bg/magazin/diamanten-prasten-brilliance-byalo-zlato,"Диамантен пръстен ""Brilliance"" от бяло злато",ASTO Gold,REVIEW,HIGH,NEW_BRAND_REVIEW_REQUIRED
61,https://astogold.bg/bg/magazin/diamanten-prasten-noshtna-elegantnost-sedef,Диамантен пръстен „Нощна елегантност“ със седеф,ASTO Gold,REVIEW,HIGH,NEW_BRAND_REVIEW_REQUIRED
62,https://astogold.bg/bg/magazin/diamanten-prasten-belisima-flora-sedef,Диамантен пръстен „Белисима Флора“ със седеф,ASTO Gold,REVIEW,HIGH,NEW_BRAND_REVIEW_REQUIRED
63,https://astogold.bg/bg/magazin/godezhen-prasten-luce-eterna-naturalni-diamanti,"Годежен пръстен ""Luce Eterna "" с натурални диаманти",ASTO Gold,REVIEW,HIGH,NEW_BRAND_REVIEW_REQUIRED
64,https://bulgariansilver.com/ваучер-за-подарък-002-156,Ваучер за подарък_002,Bulgarian Silver,REVIEW,MEDIUM,NEW_BRAND_REVIEW_REQUIRED|MISSING_PRODUCT_TYPE|MISSING_IMAGES|MISSING_MATERIALS
65,https://bulgariansilver.com/детско-колие-мак--3336-1-2015,"Детско колие ""Мак""- 3336",Bulgarian Silver,REVIEW,HIGH,NEW_BRAND_REVIEW_REQUIRED|MISSING_IMAGES|MISSING_MATERIALS
66,https://bulgariansilver.com/детско-сребърно-колие-раче-осмокраче--2539-1-1944,"Детско колие ""Раче-Осмокраче""- 2539",Bulgarian Silver,REVIEW,HIGH,NEW_BRAND_REVIEW_REQUIRED|MISSING_IMAGES
67,https://bulgariansilver.com/сребърен-пръстен-хелиос--2553-488,"Сребърен пръстен ""Хелиос"" - 2553",Bulgarian Silver,REVIEW,HIGH,NEW_BRAND_REVIEW_REQUIRED|MISSING_IMAGES|MISSING_MATERIALS
68,https://bulgariansilver.com/сребърен-пръстен-клео-/-цитрин-1-2221,"Сребърен пръстен ""Клео""/ Цитрин",Bulgarian Silver,REVIEW,HIGH,NEW_BRAND_REVIEW_REQUIRED|MISSING_IMAGES|MISSING_MATERIALS
69,https://bulgariansilver.com/сребърен-комплект-сагенитов-ахат/-уникат-1-2187,"Сребърен комплект ""Рада""/ Сагенитов ахат/ УНИКАТ",Bulgarian Silver,REVIEW,HIGH,NEW_BRAND_REVIEW_REQUIRED|MISSING_IMAGES|MISSING_MATERIALS
70,https://bulgariansilver.com/сребърен-пръстен-с-нифрит/аметист/цитрин--1-2176,Сребърен пръстен с Нефрит/Аметист/Цитрин / УНИКАТ,Bulgarian Silver,REVIEW,HIGH,NEW_BRAND_REVIEW_REQUIRED|MISSING_IMAGES|MISSING_MATERIALS
71,https://bulgariansilver.com/сребърен-комплект-кло--цитрин/-уникат-1-2031,"Сребърен комплект ""Кло""- Цитрин/ Уникат",Bulgarian Silver,REVIEW,HIGH,NEW_BRAND_REVIEW_REQUIRED|MISSING_IMAGES|MISSING_MATERIALS
72,https://bulgariansilver.com/сребърен-пръстен-непал-/-аметрин--аметист-цитрин-1-2224,"Сребърен пръстен ""Непал""/ Аметрин - аметист цитрин",Bulgarian Silver,REVIEW,HIGH,NEW_BRAND_REVIEW_REQUIRED|MISSING_IMAGES|MISSING_MATERIALS
73,https://bulgariansilver.com/сребърен-пръстен-кай-/-цитрин-1-2283,"Сребърен пръстен ""Кай""/ Цитрин",Bulgarian Silver,REVIEW,HIGH,NEW_BRAND_REVIEW_REQUIRED|MISSING_IMAGES|MISSING_MATERIALS
74,https://bulgariansilver.com/сребърен-медальон-св.-георги/-г-1-2086,Сребърен медальон Св. Димитър/ Г - 3481,Bulgarian Silver,REVIEW,HIGH,NEW_BRAND_REVIEW_REQUIRED|MISSING_IMAGES|MISSING_MATERIALS
75,https://bulgariansilver.com/гривна--1016-/-сребро-и-естествена-кожа-1-2278,Гривна - 1016/ сребро и естествена кожа,Bulgarian Silver,REVIEW,HIGH,NEW_BRAND_REVIEW_REQUIRED|MISSING_IMAGES
76,https://bulgariansilver.com/сребърен-медальон--2613-1395,Сребърен медальон - 2613,Bulgarian Silver,REVIEW,HIGH,NEW_BRAND_REVIEW_REQUIRED|MISSING_IMAGES|MISSING_MATERIALS
77,https://bulgariansilver.com/сребърен-пръстен-вода-/-планински-кристал-1-2319,"Сребърен пръстен ""Вода""/ Планински кристал",Bulgarian Silver,REVIEW,HIGH,NEW_BRAND_REVIEW_REQUIRED|MISSING_IMAGES|MISSING_MATERIALS
78,https://bulgariansilver.com/сребърен-пръстен-косара-малахит/авантюрин/тзркоаз/розов-кварц/карнеол/оникс/седеф-1-2323,"Сребърен пръстен ""Косара"" Малахит/Авантюрин/Тюркоаз/Розов кварц/Карнеол/Оникс/Седеф",Bulgarian Silver,REVIEW,HIGH,NEW_BRAND_REVIEW_REQUIRED|MISSING_IMAGES|MISSING_MATERIALS
79,https://bulgariansilver.com/сребърен-пръстен-везни--розов-кварц-706,"Сребърен пръстен ""Везни"" - Розов кварц",Bulgarian Silver,REVIEW,HIGH,NEW_BRAND_REVIEW_REQUIRED|MISSING_IMAGES|MISSING_MATERIALS
80,https://bulgariansilver.com/сребърен-медальон-метор--1-2168,"Сребърен медальон ""Метеор""/ Лабрадорит",Bulgarian Silver,REVIEW,HIGH,NEW_BRAND_REVIEW_REQUIRED|MISSING_IMAGES|MISSING_MATERIALS
81,https://bulgariansilver.com/сребърен-комплект-арлета-/-лабрадорит/-уникат-1-2216,"Сребърен комплект ""Арлета""/ Лабрадорит/ Уникат",Bulgarian Silver,REVIEW,HIGH,NEW_BRAND_REVIEW_REQUIRED|MISSING_IMAGES|MISSING_MATERIALS
82,https://bulgariansilver.com/сребърен-пръстен-грийн--уникат-/-турмалин-1-2310,"Сребърен пръстен ""Грийн"" - Уникат / Турмалин",Bulgarian Silver,REVIEW,HIGH,NEW_BRAND_REVIEW_REQUIRED|MISSING_IMAGES|MISSING_MATERIALS
83,https://bulgariansilver.com/сребърен-комплект-лада--2809-м-/-бп-405,"Сребърен комплект ""Лада"" - 2809 М / БП",Bulgarian Silver,REVIEW,HIGH,NEW_BRAND_REVIEW_REQUIRED|MISSING_IMAGES|MISSING_MATERIALS
84,https://bulgariansilver.com/сребърен-пръстен-тея--3261-1-2070,"Сребърен пръстен ""Тея"" - 3261",Bulgarian Silver,REVIEW,HIGH,NEW_BRAND_REVIEW_REQUIRED|MISSING_IMAGES|MISSING_MATERIALS
85,https://bulgariansilver.com/сребърен-пръстен-илюзия--3359-718,"Сребърен пръстен ""Илюзия""- 3359",Bulgarian Silver,REVIEW,HIGH,NEW_BRAND_REVIEW_REQUIRED|MISSING_IMAGES|MISSING_MATERIALS
86,https://efirgems.com/shop/medalon-sas-7-94-karata-izumrud-i-diamanti/,Медальон със 7.94 карата изумруд и диаманти,EFIR Gems,REVIEW,HIGH,NEW_BRAND_REVIEW_REQUIRED|SOURCE_PRICE_NOT_MAPPED_TO_APPROXIMATE_RANGE
87,https://efirgems.com/shop/obitsi-sas-zambijski-izumrudi/,Обици със замбийски изумруди,EFIR Gems,REVIEW,HIGH,NEW_BRAND_REVIEW_REQUIRED|SOURCE_PRICE_NOT_MAPPED_TO_APPROXIMATE_RANGE
88,https://efirgems.com/shop/kolie-sas-smenyastht-tsveta-si-granat/,Колие със сменящ цвета си гранат,EFIR Gems,REVIEW,HIGH,NEW_BRAND_REVIEW_REQUIRED|SOURCE_PRICE_NOT_MAPPED_TO_APPROXIMATE_RANGE
89,https://efirgems.com/shop/limitirana-visulka-lampa/,Лимитирана висулка - Вълшебна лампа,EFIR Gems,REVIEW,HIGH,NEW_BRAND_REVIEW_REQUIRED|SOURCE_PRICE_NOT_MAPPED_TO_APPROXIMATE_RANGE
90,https://efirgems.com/shop/grivna-embracelet/,"Гривна ""Embracelet""",EFIR Gems,REVIEW,HIGH,NEW_BRAND_REVIEW_REQUIRED|SOURCE_PRICE_NOT_MAPPED_TO_APPROXIMATE_RANGE
91,https://efirgems.com/shop/prasten-zmii/,Пръстен - Змии,EFIR Gems,REVIEW,HIGH,NEW_BRAND_REVIEW_REQUIRED|SOURCE_PRICE_NOT_MAPPED_TO_APPROXIMATE_RANGE
92,https://efirgems.com/shop/zlatni-obici-skobi/,"Златни обици ""Ивици""",EFIR Gems,REVIEW,HIGH,NEW_BRAND_REVIEW_REQUIRED|SOURCE_PRICE_NOT_MAPPED_TO_APPROXIMATE_RANGE|MISSING_MATERIALS
93,https://efirgems.com/shop/zlatni-pafti/,Златни Пафти,EFIR Gems,REVIEW,MEDIUM,NEW_BRAND_REVIEW_REQUIRED|MISSING_PRODUCT_TYPE|SOURCE_PRICE_NOT_MAPPED_TO_APPROXIMATE_RANGE
94,https://efirgems.com/shop/medalon-kanaticza/,Медальон Канатица,EFIR Gems,REVIEW,HIGH,NEW_BRAND_REVIEW_REQUIRED|SOURCE_PRICE_NOT_MAPPED_TO_APPROXIMATE_RANGE
95,https://efirgems.com/shop/obiczi-arpalii/,"Обици ""Арпалии""",EFIR Gems,REVIEW,HIGH,NEW_BRAND_REVIEW_REQUIRED|SOURCE_PRICE_NOT_MAPPED_TO_APPROXIMATE_RANGE
96,https://efirgems.com/shop/koktejlen-prasten-s-czitrin-i-diamanti/,Коктейлен пръстен с Цитрин и Диаманти,EFIR Gems,REVIEW,HIGH,NEW_BRAND_REVIEW_REQUIRED|SOURCE_PRICE_NOT_MAPPED_TO_APPROXIMATE_RANGE
97,https://efirgems.com/shop/opaldiamonds-pendant/,Медальон с Опал и Диаманти,EFIR Gems,REVIEW,HIGH,NEW_BRAND_REVIEW_REQUIRED|SOURCE_PRICE_NOT_MAPPED_TO_APPROXIMATE_RANGE
98,https://efirgems.com/shop/7932/,Коктейлен пръстен с Цитрин,EFIR Gems,REVIEW,HIGH,NEW_BRAND_REVIEW_REQUIRED|SOURCE_PRICE_NOT_MAPPED_TO_APPROXIMATE_RANGE
99,https://efirgems.com/shop/obiczi-s-vazli/,Обици с възли,EFIR Gems,REVIEW,HIGH,NEW_BRAND_REVIEW_REQUIRED|SOURCE_PRICE_NOT_MAPPED_TO_APPROXIMATE_RANGE
100,https://efirgems.com/shop/prasten-s-vazel/,Пръстен с възел,EFIR Gems,REVIEW,HIGH,NEW_BRAND_REVIEW_REQUIRED|SOURCE_PRICE_NOT_MAPPED_TO_APPROXIMATE_RANGE
101,https://efirgems.com/shop/prasten-spageti-s-mentov-turmalin/,Пръстен - Спагети с ментов Турмалин,EFIR Gems,REVIEW,HIGH,NEW_BRAND_REVIEW_REQUIRED|SOURCE_PRICE_NOT_MAPPED_TO_APPROXIMATE_RANGE
102,https://efirgems.com/shop/prasten-sas-sapfir-sartse/,Пръстен със Сапфир сърце,EFIR Gems,REVIEW,HIGH,NEW_BRAND_REVIEW_REQUIRED|SOURCE_PRICE_NOT_MAPPED_TO_APPROXIMATE_RANGE
103,https://efirgems.com/shop/prasten-s-rubin-i-diamanti/,Пръстен с Рубин и Диаманти,EFIR Gems,REVIEW,HIGH,NEW_BRAND_REVIEW_REQUIRED|SOURCE_PRICE_NOT_MAPPED_TO_APPROXIMATE_RANGE
104,https://efirgems.com/shop/medalon-s-morganit-i-diamanti/,Медальон с Морганит и Диаманти,EFIR Gems,REVIEW,HIGH,NEW_BRAND_REVIEW_REQUIRED|SOURCE_PRICE_NOT_MAPPED_TO_APPROXIMATE_RANGE
105,https://efirgems.com/shop/prasten-have-some-faith-sister-s-diamanti/,"Пръстен ""Have some faith, sister"" с диаманти",EFIR Gems,REVIEW,HIGH,NEW_BRAND_REVIEW_REQUIRED|SOURCE_PRICE_NOT_MAPPED_TO_APPROXIMATE_RANGE
106,https://efirgems.com/shop/obici-slynce-i-luna/,Обици Слънце и Луна,EFIR Gems,REVIEW,HIGH,NEW_BRAND_REVIEW_REQUIRED|SOURCE_PRICE_NOT_MAPPED_TO_APPROXIMATE_RANGE
107,https://biju03.com/zlaten-i-diamant-portret-na-prirodata-godezhen-prasten.html,Годежен пръстен-R/506,Biju03,REVIEW,HIGH,NEW_BRAND_REVIEW_REQUIRED|MISSING_MATERIALS
108,https://biju03.com/zlaten-chashkov-prasten-komplekt-s-byal-diamant.html,Годежен пръстен-R/532,Biju03,REVIEW,HIGH,NEW_BRAND_REVIEW_REQUIRED|MISSING_MATERIALS
109,https://biju03.com/zlatna-grivna-s-cherven-konetz-bezkrainost-.html,Златна гривна с червен конец ''Безкрайност'',Biju03,REVIEW,HIGH,NEW_BRAND_REVIEW_REQUIRED
110,https://biju03.com/zlatna-grivna-s-cherven-konetz-krast-.html,"Златна гривна с червен конец ""Кръст""",Biju03,REVIEW,HIGH,NEW_BRAND_REVIEW_REQUIRED|MISSING_MATERIALS
112,https://biju03.com/ladies-and-mens-wedding-bands.html,Дамска и мъжка класически прави сватбени халки,Biju03,REVIEW,HIGH,NEW_BRAND_REVIEW_REQUIRED
113,https://biju03.com/damska-i-mazka-klasicheski-pravi-svatbeni-halki.html,Дамска и мъжка класически прави сватбени халки,Biju03,REVIEW,HIGH,NEW_BRAND_REVIEW_REQUIRED|BATCH_SLUG_COLLISION
114,https://biju03.com/damska-i-mazka-klasicheski-mat-i-polirani-pravi-svatbeni-halki.html,Дамска и мъжка класически мат и полирани прави сватбени халки,Biju03,REVIEW,HIGH,NEW_BRAND_REVIEW_REQUIRED
115,https://biju03.com/brachna-halka-r-6524.html,Брачна халка R-6524,Biju03,REVIEW,HIGH,NEW_BRAND_REVIEW_REQUIRED
116,https://biju03.com/godezen-prasten-4.html,Годежен пръстен-R/505,Biju03,REVIEW,HIGH,NEW_BRAND_REVIEW_REQUIRED|MISSING_MATERIALS
117,https://biju03.com/godezen-prasten-r-501.html,Годежен пръстен-R/501,Biju03,REVIEW,HIGH,NEW_BRAND_REVIEW_REQUIRED
118,https://biju03.com/godezen-prasten-r-563.html,Годежен пръстен-R/563,Biju03,REVIEW,HIGH,NEW_BRAND_REVIEW_REQUIRED
119,https://biju03.com/godezen-prasten-r-5010-6.html,Годежен пръстен-R/557,Biju03,REVIEW,HIGH,NEW_BRAND_REVIEW_REQUIRED
120,https://artefakti.eu/bg/shop/mini-bg/mini-obitzi/obitsi-krag-xl-2/,Обици Кръг XL,ARTEFAKTI Jewelry,REVIEW,HIGH,NEW_BRAND_REVIEW_REQUIRED|SOURCE_PRICE_NOT_MAPPED_TO_APPROXIMATE_RANGE
121,https://artefakti.eu/bg/shop/or-bg/or-prasteni/prasten-or/,Пръстен OR,ARTEFAKTI Jewelry,REVIEW,HIGH,NEW_BRAND_REVIEW_REQUIRED|SOURCE_PRICE_NOT_MAPPED_TO_APPROXIMATE_RANGE
122,https://artefakti.eu/bg/shop/mini-bg/mini-obitzi/obitsi-elipsa-m/,Обици Елипса M,ARTEFAKTI Jewelry,REVIEW,HIGH,NEW_BRAND_REVIEW_REQUIRED|MISSING_DESCRIPTION|SOURCE_PRICE_NOT_MAPPED_TO_APPROXIMATE_RANGE|MISSING_MATERIALS
123,https://artefakti.eu/bg/shop/or-bg/or-kolieta/kolie-or/,Колие OR,ARTEFAKTI Jewelry,REVIEW,HIGH,NEW_BRAND_REVIEW_REQUIRED|SOURCE_PRICE_NOT_MAPPED_TO_APPROXIMATE_RANGE|MISSING_MATERIALS
124,https://artefakti.eu/bg/shop/gemi-bg/gemi-kolieta/kolie-gemi-rozov-kvarc-dvoyno/,Колие GEMI с два кристала розов кварц,ARTEFAKTI Jewelry,REVIEW,HIGH,NEW_BRAND_REVIEW_REQUIRED|SOURCE_PRICE_NOT_MAPPED_TO_APPROXIMATE_RANGE|MISSING_MATERIALS
125,https://artefakti.eu/bg/shop/gemi-bg/gemi-kolieta/kolie-gemi-rozov-kvarts/,Колие GEMI розов кварц,ARTEFAKTI Jewelry,REVIEW,HIGH,NEW_BRAND_REVIEW_REQUIRED|SOURCE_PRICE_NOT_MAPPED_TO_APPROXIMATE_RANGE|MISSING_MATERIALS
126,https://artefakti.eu/bg/shop/gemi-bg/gemi-kolieta/kolie-gemi-onix/,Колие GEMI оникс,ARTEFAKTI Jewelry,REVIEW,HIGH,NEW_BRAND_REVIEW_REQUIRED|SOURCE_PRICE_NOT_MAPPED_TO_APPROXIMATE_RANGE|MISSING_MATERIALS
127,https://artefakti.eu/bg/shop/gemi-bg/gemi-kolieta/kolie-gemi-ametist-patina/,Колие GEMI аметист с патинарана сребърна верижка,ARTEFAKTI Jewelry,REVIEW,HIGH,NEW_BRAND_REVIEW_REQUIRED|SOURCE_PRICE_NOT_MAPPED_TO_APPROXIMATE_RANGE|MISSING_MATERIALS
128,https://artefakti.eu/bg/shop/cubi-bg/cubi-kolieta/kolie-cubi-oniks/,Масивно сребърно колие CUBI с мъниста от оникс,ARTEFAKTI Jewelry,REVIEW,HIGH,NEW_BRAND_REVIEW_REQUIRED|SOURCE_PRICE_NOT_MAPPED_TO_APPROXIMATE_RANGE
129,https://artefakti.eu/bg/shop/cubi-bg/cubi-obitzi/obici-shtift-cubic-m/,Обици Cubic M щифт,ARTEFAKTI Jewelry,REVIEW,HIGH,NEW_BRAND_REVIEW_REQUIRED|SOURCE_PRICE_NOT_MAPPED_TO_APPROXIMATE_RANGE|MISSING_MATERIALS
130,https://artefakti.eu/bg/shop/grad-bg/grad-prasteni/prysten-grad-cirkon/,Пръстен GRAD циркон,ARTEFAKTI Jewelry,REVIEW,HIGH,NEW_BRAND_REVIEW_REQUIRED|SOURCE_PRICE_NOT_MAPPED_TO_APPROXIMATE_RANGE
131,https://artefakti.eu/bg/shop/picta-bg/picta-kragli-sapfir/,PICTA кръгли сапфир,ARTEFAKTI Jewelry,REVIEW,HIGH,NEW_BRAND_REVIEW_REQUIRED|SOURCE_PRICE_NOT_MAPPED_TO_APPROXIMATE_RANGE
132,https://artefakti.eu/bg/shop/mini-bg/mini-prasteni/prasten-ovalen-kamyk/,Пръстен Овален камък,ARTEFAKTI Jewelry,REVIEW,HIGH,NEW_BRAND_REVIEW_REQUIRED|SOURCE_PRICE_NOT_MAPPED_TO_APPROXIMATE_RANGE
133,https://artefakti.eu/bg/shop/mini-bg/mini-prasteni/prasten-round-stone-sparkle-s/,Пръстен Round Stone Sparkle S,ARTEFAKTI Jewelry,REVIEW,HIGH,NEW_BRAND_REVIEW_REQUIRED|MISSING_DESCRIPTION|SOURCE_PRICE_NOT_MAPPED_TO_APPROXIMATE_RANGE|MISSING_MATERIALS
134,https://artefakti.eu/bg/shop/mini-bg/mini-obitzi/obitsi-round-stone-sparkle-1-75/,Обици Round Stone Sparkle 1.75,ARTEFAKTI Jewelry,REVIEW,HIGH,NEW_BRAND_REVIEW_REQUIRED|MISSING_DESCRIPTION|SOURCE_PRICE_NOT_MAPPED_TO_APPROXIMATE_RANGE|MISSING_MATERIALS
135,https://artefakti.eu/bg/shop/svatbeni/halki-naturalen-bliasak-paladiewo-bialo-zlato/,Халки Натурален Блясък 14к паладиево бяло злато,ARTEFAKTI Jewelry,REVIEW,MEDIUM,NEW_BRAND_REVIEW_REQUIRED|MISSING_CATEGORY|MISSING_SUBCATEGORY|MISSING_PRODUCT_TYPE|SOURCE_PRICE_NOT_MAPPED_TO_APPROXIMATE_RANGE
136,https://artefakti.eu/bg/shop/svatbeni/otnovo-zaedno-svatbeni-halki/,Отново заедно - сватбени халки,ARTEFAKTI Jewelry,REVIEW,MEDIUM,NEW_BRAND_REVIEW_REQUIRED|MISSING_CATEGORY|MISSING_SUBCATEGORY|MISSING_PRODUCT_TYPE|SOURCE_PRICE_NOT_MAPPED_TO_APPROXIMATE_RANGE
137,https://artefakti.eu/bg/shop/svatbeni/brachni-halki-infinity/,Сватбени халки Безкраиност,ARTEFAKTI Jewelry,REVIEW,MEDIUM,NEW_BRAND_REVIEW_REQUIRED|MISSING_CATEGORY|MISSING_SUBCATEGORY|MISSING_PRODUCT_TYPE|SOURCE_PRICE_NOT_MAPPED_TO_APPROXIMATE_RANGE
138,https://artefakti.eu/bg/shop/svatbeni/klasicheski-halki-naturalen-bliasak/,Халки Натурален Блясък 18К,ARTEFAKTI Jewelry,REVIEW,MEDIUM,NEW_BRAND_REVIEW_REQUIRED|MISSING_CATEGORY|MISSING_SUBCATEGORY|MISSING_PRODUCT_TYPE|SOURCE_PRICE_NOT_MAPPED_TO_APPROXIMATE_RANGE
139,https://adi-shoes.com/product/elegantni-damski-cherni-sandali-yasmin-ot-estestvena-koja-22250-4-blk,Елегантни черни дамски сандали Yasmin от естествена кожа,ADI Shoes,REVIEW,HIGH,NEW_BRAND_REVIEW_REQUIRED|SOURCE_PRICE_NOT_MAPPED_TO_APPROXIMATE_RANGE
140,https://adi-shoes.com/product/elegantni-damski-bejovi-sandali-yasmin-ot-estestvena-koja-22250-4-bge-adi-shoes,Елегантни бежови дамски сандали Yasmin от естествена кожа,ADI Shoes,REVIEW,HIGH,NEW_BRAND_REVIEW_REQUIRED|SOURCE_PRICE_NOT_MAPPED_TO_APPROXIMATE_RANGE|MISSING_MATERIALS
141,https://adi-shoes.com/product/elegantni-damski-sandali-abigail-ot-estestvena-koja-v-taupe-i-ays-42640-tpe-ice,Елегантни дамски сандали Abigail от естествена кожа в таупе и айс,ADI Shoes,REVIEW,HIGH,NEW_BRAND_REVIEW_REQUIRED|SOURCE_PRICE_NOT_MAPPED_TO_APPROXIMATE_RANGE
142,https://adi-shoes.com/product/elegantni-damski-sandali-scarlett-ot-estestvena-koja-v-byal-i-cheren-cvyat-42445-wte-blk,Елегантни дамски сандали Scarlett от естествена кожа в бял и черен цвят,ADI Shoes,REVIEW,HIGH,NEW_BRAND_REVIEW_REQUIRED|SOURCE_PRICE_NOT_MAPPED_TO_APPROXIMATE_RANGE|MISSING_MATERIALS
143,https://adi-shoes.com/product/elegantni-damski-obuvki-vili-ot-estestvena-koja-v-bejov-cvyat-31670-bge,Елегантни бежови дамски обувки Vili от естествена кожа,ADI Shoes,REVIEW,HIGH,NEW_BRAND_REVIEW_REQUIRED|SOURCE_PRICE_NOT_MAPPED_TO_APPROXIMATE_RANGE
144,https://adi-shoes.com/product/elegantni-damski-cherni-boti-jaklin-ot-estestvena-koja-13660-blk,Елегантни черни дамски боти Jaklin от естествена кожа,ADI Shoes,REVIEW,HIGH,NEW_BRAND_REVIEW_REQUIRED|SOURCE_PRICE_NOT_MAPPED_TO_APPROXIMATE_RANGE
145,https://adi-shoes.com/product/elegantni-damski-cherni-boti-vivian-ot-estestvena-koja-03671-blk,Елегантни черни дамски боти Vivian от естествена кожа,ADI Shoes,REVIEW,HIGH,NEW_BRAND_REVIEW_REQUIRED|SOURCE_PRICE_NOT_MAPPED_TO_APPROXIMATE_RANGE
146,https://adi-shoes.com/product/elegantni-damski-cherni-botushi-iveta-ot-estestvena-koja-03565-blk-k,Елегантни черни дамски ботуши Iveta от естествена кожа,ADI Shoes,REVIEW,HIGH,NEW_BRAND_REVIEW_REQUIRED|SOURCE_PRICE_NOT_MAPPED_TO_APPROXIMATE_RANGE
147,https://adi-shoes.com/product/ejednevni-damski-beli-chehli-margo-ot-estestvena-koja-22202-wte,Ежедневни бели дамски чехли Margo от естествена кожа,ADI Shoes,REVIEW,HIGH,NEW_BRAND_REVIEW_REQUIRED|SOURCE_PRICE_NOT_MAPPED_TO_APPROXIMATE_RANGE
148,https://adi-shoes.com/product/elegantni-damski-sini-chehli-brenda-ot-estestvena-koja-12605-tblu,Елегантни сини дамски чехли Brenda от естествена кожа,ADI Shoes,REVIEW,HIGH,NEW_BRAND_REVIEW_REQUIRED|SOURCE_PRICE_NOT_MAPPED_TO_APPROXIMATE_RANGE
149,https://adi-shoes.com/product/elegantni-damski-bejovi-sandali-nora-ot-estestvena-koja-42645-bge-tpe,Елегантни дамски бежови сандали Nora от естествена кожа,ADI Shoes,REVIEW,HIGH,NEW_BRAND_REVIEW_REQUIRED|SOURCE_PRICE_NOT_MAPPED_TO_APPROXIMATE_RANGE
150,https://adi-shoes.com/product/elegantni-damski-cherni-boti-molly-ot-estestvena-koja-adi-shoes,Елегантни черни дамски боти Molly от естествена кожа,ADI Shoes,REVIEW,HIGH,NEW_BRAND_REVIEW_REQUIRED|SOURCE_PRICE_NOT_MAPPED_TO_APPROXIMATE_RANGE
151,https://adi-shoes.com/product/elegantni-tamnosini-damski-botushi-raya-ot-estestvena-koja,Елегантни тъмносини дамски ботуши Raya от естествена кожа,ADI Shoes,REVIEW,HIGH,NEW_BRAND_REVIEW_REQUIRED|SOURCE_PRICE_NOT_MAPPED_TO_APPROXIMATE_RANGE
152,https://adi-shoes.com/product/elegantni-tamnokafyavi-damski-botushi-amalia-ot-estestvena-koja,Елегантни тъмнокафяви дамски ботуши Amalia от естествена кожа,ADI Shoes,REVIEW,HIGH,NEW_BRAND_REVIEW_REQUIRED|SOURCE_PRICE_NOT_MAPPED_TO_APPROXIMATE_RANGE
153,https://adi-shoes.com/product/elegantni-damski-botushi-amalia-ot-estestvena-koja-v-cheren-cvyat-33700-blk-k,Елегантни дамски ботуши Amalia от естествена кожа в черен цвят,ADI Shoes,REVIEW,HIGH,NEW_BRAND_REVIEW_REQUIRED|SOURCE_PRICE_NOT_MAPPED_TO_APPROXIMATE_RANGE|MISSING_MATERIALS
154,https://adi-shoes.com/product/elegantni-damski-obuvki-ella-ot-estestvena-koja-v-cvyat-taba-adi-shoes,Елегантни дамски обувки Ella от естествена кожа в цвят таба,ADI Shoes,REVIEW,HIGH,NEW_BRAND_REVIEW_REQUIRED|SOURCE_PRICE_NOT_MAPPED_TO_APPROXIMATE_RANGE|MISSING_MATERIALS
155,https://adi-shoes.com/product/elegantni-damski-obuvki-otvorena-peta-bianka-ot-estestvena-koja-v-pudra-21474-6-pdr,Елегантни дамски обувки – отворена пета Bianka от естествена кожа в пудра,ADI Shoes,REVIEW,HIGH,NEW_BRAND_REVIEW_REQUIRED|SOURCE_PRICE_NOT_MAPPED_TO_APPROXIMATE_RANGE
156,https://adi-shoes.com/product/elegantni-damski-botushi-raya-ot-estestvena-koja-v-taupe-i-kafyavo-63636-brn-tpe,Елегантни дамски ботуши Raya от естествена кожа в таупе и кафяво,ADI Shoes,REVIEW,HIGH,NEW_BRAND_REVIEW_REQUIRED|SOURCE_PRICE_NOT_MAPPED_TO_APPROXIMATE_RANGE
157,https://adi-shoes.com/product/elegantni-damski-obuvki-otvorena-peta-andjela-ot-estestvena-koja-v-cheren-cvyat-21602-blk-kng,Елегантни дамски обувки – отворена пета Andjela от естествена кожа в черен цвят,ADI Shoes,REVIEW,HIGH,NEW_BRAND_REVIEW_REQUIRED|SOURCE_PRICE_NOT_MAPPED_TO_APPROXIMATE_RANGE
158,https://adi-shoes.com/product/elegantni-damski-obuvki-otvorena-peta-andjela-ot-estestvena-koja-v-lilav-cvyat-21602a-dlvd,Елегантни дамски обувки – отворена пета Andjela от естествена кожа в лилав цвят,ADI Shoes,REVIEW,HIGH,NEW_BRAND_REVIEW_REQUIRED|SOURCE_PRICE_NOT_MAPPED_TO_APPROXIMATE_RANGE
159,https://adi-shoes.com/product/elegantni-damski-obuvki-otvorena-peta-carmen-ot-estestvena-koja-v-byal-cvyat,Елегантни дамски обувки – отворена пета Carmen от естествена кожа в бял цвят,ADI Shoes,REVIEW,HIGH,NEW_BRAND_REVIEW_REQUIRED|SOURCE_PRICE_NOT_MAPPED_TO_APPROXIMATE_RANGE
160,https://adi-shoes.com/product/ejednevni-srebristi-damski-chehli-margo-ot-estestvena-koja-adi-shoes,Ежедневни сребристи дамски чехли Margo от естествена кожа,ADI Shoes,REVIEW,HIGH,NEW_BRAND_REVIEW_REQUIRED|SOURCE_PRICE_NOT_MAPPED_TO_APPROXIMATE_RANGE
161,https://shop.lenavelur.com/shop/kartodarjach-estestvena-koja/,Картодържач от естествена кожа,Лена Велур,REVIEW,HIGH,NEW_BRAND_REVIEW_REQUIRED|SOURCE_PRICE_NOT_MAPPED_TO_APPROXIMATE_RANGE
162,https://shop.lenavelur.com/shop/damski-chehli-estestvena-koja-kafevi/,Дамски чехли от естествена кожа,Лена Велур,REVIEW,HIGH,NEW_BRAND_REVIEW_REQUIRED
163,https://shop.lenavelur.com/shop/damski-chehli-estestvena-koja-cherveni/,Дамски чехли от естествена кожа,Лена Велур,REVIEW,HIGH,NEW_BRAND_REVIEW_REQUIRED|BATCH_SLUG_COLLISION
164,https://shop.lenavelur.com/shop/damski-chehli-estestvena-koja-cherni/,Дамски чехли от естествена кожа,Лена Велур,REVIEW,HIGH,NEW_BRAND_REVIEW_REQUIRED|BATCH_SLUG_COLLISION
165,https://shop.lenavelur.com/shop/majki-chehli-estestvena-koja-sivi/,Мъжки чехли от естествена кожа,Лена Велур,REVIEW,HIGH,NEW_BRAND_REVIEW_REQUIRED
166,https://shop.lenavelur.com/shop/majki-chehli-estestvena-koja-cherni/,Мъжки чехли от естествена кожа,Лена Велур,REVIEW,HIGH,NEW_BRAND_REVIEW_REQUIRED|BATCH_SLUG_COLLISION
167,https://shop.lenavelur.com/shop/majki-chehli-estestvena-koja-kafevi/,Мъжки чехли от естествена кожа,Лена Велур,REVIEW,HIGH,NEW_BRAND_REVIEW_REQUIRED|BATCH_SLUG_COLLISION
168,https://shop.lenavelur.com/shop/vaucher-podarak/,Ваучер за подарък,Лена Велур,REVIEW,MEDIUM,NEW_BRAND_REVIEW_REQUIRED|MISSING_CATEGORY|MISSING_SUBCATEGORY|MISSING_PRODUCT_TYPE|MISSING_IMAGES|SOURCE_PRICE_NOT_MAPPED_TO_APPROXIMATE_RANGE|MISSING_MATERIALS
169,https://shop.lenavelur.com/shop/majki-toplinki-estestvena-koja-kafevi/,Мъжки топлинки от естествена кожа,Лена Велур,REVIEW,MEDIUM,NEW_BRAND_REVIEW_REQUIRED|MISSING_CATEGORY|MISSING_SUBCATEGORY|MISSING_PRODUCT_TYPE
170,https://shop.lenavelur.com/shop/majki-toplinki-estestvena-koja-bejovi/,Мъжки топлинки от естествена кожа,Лена Велур,REVIEW,MEDIUM,NEW_BRAND_REVIEW_REQUIRED|BATCH_SLUG_COLLISION|MISSING_CATEGORY|MISSING_SUBCATEGORY|MISSING_PRODUCT_TYPE
171,https://shop.lenavelur.com/shop/detski-toplinki-estestvena-koja-bejovi/,Детски топлинки от естествена кожа,Лена Велур,REVIEW,MEDIUM,NEW_BRAND_REVIEW_REQUIRED|MISSING_CATEGORY|MISSING_SUBCATEGORY|MISSING_PRODUCT_TYPE
172,https://shop.lenavelur.com/shop/detski-toplinki-estestvena-koja-kafevi/,Детски топлинки от естествена кожа,Лена Велур,REVIEW,MEDIUM,NEW_BRAND_REVIEW_REQUIRED|BATCH_SLUG_COLLISION|MISSING_CATEGORY|MISSING_SUBCATEGORY|MISSING_PRODUCT_TYPE
173,https://shop.lenavelur.com/shop/detski-toplinki-estestvena-koja-sini/,Детски топлинки от естествена кожа,Лена Велур,REVIEW,MEDIUM,NEW_BRAND_REVIEW_REQUIRED|BATCH_SLUG_COLLISION|MISSING_CATEGORY|MISSING_SUBCATEGORY|MISSING_PRODUCT_TYPE
174,https://shop.lenavelur.com/shop/damski-toplinki-estestvena-koja-jalti/,Дамски топлинки от естествена кожа,Лена Велур,REVIEW,MEDIUM,NEW_BRAND_REVIEW_REQUIRED|MISSING_CATEGORY|MISSING_SUBCATEGORY|MISSING_PRODUCT_TYPE
175,https://shop.lenavelur.com/shop/damski-toplinki-estestvena-koja-lilavi/,Дамски топлинки от естествена кожа,Лена Велур,REVIEW,MEDIUM,NEW_BRAND_REVIEW_REQUIRED|BATCH_SLUG_COLLISION|MISSING_CATEGORY|MISSING_SUBCATEGORY|MISSING_PRODUCT_TYPE
176,https://shop.lenavelur.com/shop/profesionalna-chanta-estestvena-koja-chervena/,Професионална чанта от PVC брезент за медицински принадлежности,Лена Велур,REVIEW,HIGH,NEW_BRAND_REVIEW_REQUIRED|SOURCE_PRICE_NOT_MAPPED_TO_APPROXIMATE_RANGE
177,https://shop.lenavelur.com/shop/profesionalna-chanta-estestvena-koja-sinya/,Професионална чанта от PVC брезент за инструменти,Лена Велур,REVIEW,HIGH,NEW_BRAND_REVIEW_REQUIRED|SOURCE_PRICE_NOT_MAPPED_TO_APPROXIMATE_RANGE|MISSING_MATERIALS
178,https://shop.lenavelur.com/shop/universalna-patna-chanta-estestvena-koja-sak-bordo/,Универсална пътна чанта от естествена кожа,Лена Велур,REVIEW,HIGH,NEW_BRAND_REVIEW_REQUIRED|SOURCE_PRICE_NOT_MAPPED_TO_APPROXIMATE_RANGE
179,https://shop.lenavelur.com/shop/universalna-patna-chanta-estestvena-koja-sak-cherna/,Универсална пътна чанта от естествена кожа,Лена Велур,REVIEW,HIGH,NEW_BRAND_REVIEW_REQUIRED|BATCH_SLUG_COLLISION|SOURCE_PRICE_NOT_MAPPED_TO_APPROXIMATE_RANGE
180,https://shop.lenavelur.com/shop/majka-chanta-estestvena-koja-412-cherna/,Мъжка чанта от естествена кожа,Лена Велур,REVIEW,HIGH,NEW_BRAND_REVIEW_REQUIRED|SOURCE_PRICE_NOT_MAPPED_TO_APPROXIMATE_RANGE
181,https://shop.lenavelur.com/shop/biznes-chanta-estestvena-koja-155-cherna/,Бизнес чанта от естествена кожа,Лена Велур,REVIEW,HIGH,NEW_BRAND_REVIEW_REQUIRED|SOURCE_PRICE_NOT_MAPPED_TO_APPROXIMATE_RANGE
182,https://shop.lenavelur.com/shop/majka-biznes-chanta-estestvena-koja-153-cherna/,Мъжка бизнес чанта от естествена кожа,Лена Велур,REVIEW,HIGH,NEW_BRAND_REVIEW_REQUIRED|SOURCE_PRICE_NOT_MAPPED_TO_APPROXIMATE_RANGE
183,https://shop.lenavelur.com/shop/majka-biznes-chanta-estestvena-koja-152-cherna/,Мъжка бизнес чанта от естествена кожа,Лена Велур,REVIEW,HIGH,NEW_BRAND_REVIEW_REQUIRED|BATCH_SLUG_COLLISION|SOURCE_PRICE_NOT_MAPPED_TO_APPROXIMATE_RANGE
184,https://shop.lenavelur.com/shop/majka-biznes-chanta-estestvena-koja-148a-cherna/,Мъжка бизнес чанта от естествена кожа,Лена Велур,REVIEW,HIGH,NEW_BRAND_REVIEW_REQUIRED|BATCH_SLUG_COLLISION|SOURCE_PRICE_NOT_MAPPED_TO_APPROXIMATE_RANGE
185,https://shop.lenavelur.com/shop/damska-chanta-estestvena-koja-423-chervena/,Дамска чанта от естествена кожа,Лена Велур,REVIEW,HIGH,NEW_BRAND_REVIEW_REQUIRED|SOURCE_PRICE_NOT_MAPPED_TO_APPROXIMATE_RANGE
186,https://shop.lenavelur.com/shop/damska-chanta-estestvena-koja-423-zelena/,Дамска чанта от естествена кожа,Лена Велур,REVIEW,HIGH,NEW_BRAND_REVIEW_REQUIRED|BATCH_SLUG_COLLISION|SOURCE_PRICE_NOT_MAPPED_TO_APPROXIMATE_RANGE
187,https://shop.lenavelur.com/shop/damska-chanta-estestvena-koja-424-shargen-cherna/,Дамска чанта от естествена кожа,Лена Велур,REVIEW,HIGH,NEW_BRAND_REVIEW_REQUIRED|BATCH_SLUG_COLLISION|SOURCE_PRICE_NOT_MAPPED_TO_APPROXIMATE_RANGE
188,https://shop.lenavelur.com/shop/damska-chanta-estestvena-koja-424-bejova/,Дамска чанта от естествена кожа,Лена Велур,REVIEW,HIGH,NEW_BRAND_REVIEW_REQUIRED|BATCH_SLUG_COLLISION|SOURCE_PRICE_NOT_MAPPED_TO_APPROXIMATE_RANGE
189,https://shop.lenavelur.com/shop/damska-chanta-estestvena-koja-424-zelena/,Дамска чанта от естествена кожа,Лена Велур,REVIEW,HIGH,NEW_BRAND_REVIEW_REQUIRED|BATCH_SLUG_COLLISION|SOURCE_PRICE_NOT_MAPPED_TO_APPROXIMATE_RANGE
190,https://shop.lenavelur.com/shop/damska-chanta-estestvena-koja-424-tamno-sin/,Дамска чанта от естествена кожа,Лена Велур,REVIEW,HIGH,NEW_BRAND_REVIEW_REQUIRED|BATCH_SLUG_COLLISION|SOURCE_PRICE_NOT_MAPPED_TO_APPROXIMATE_RANGE
191,https://shop.lenavelur.com/shop/damska-chanta-estestvena-koja-421-byala/,Дамска чанта/раница от естествена кожа,Лена Велур,REVIEW,HIGH,NEW_BRAND_REVIEW_REQUIRED|SOURCE_PRICE_NOT_MAPPED_TO_APPROXIMATE_RANGE
192,https://shop.lenavelur.com/shop/damska-chanta-tvarda-estestvena-koja-400-cherna/,Дамска чанта от твърда естествена кожа,Лена Велур,REVIEW,HIGH,NEW_BRAND_REVIEW_REQUIRED|SOURCE_PRICE_NOT_MAPPED_TO_APPROXIMATE_RANGE
193,https://shop.lenavelur.com/shop/damska-chanta-estestvena-koja-429-cherna/,Дамска чанта от естествена кожа,Лена Велур,REVIEW,HIGH,NEW_BRAND_REVIEW_REQUIRED|BATCH_SLUG_COLLISION|SOURCE_PRICE_NOT_MAPPED_TO_APPROXIMATE_RANGE
194,https://shop.lenavelur.com/shop/damska-chanta-estestvena-koja-429-siva/,Дамска чанта от естествена кожа,Лена Велур,REVIEW,HIGH,NEW_BRAND_REVIEW_REQUIRED|BATCH_SLUG_COLLISION|SOURCE_PRICE_NOT_MAPPED_TO_APPROXIMATE_RANGE
195,https://shop.lenavelur.com/shop/damska-chanta-estestvena-koja-428-jalta/,Дамска чанта от естествена кожа,Лена Велур,REVIEW,HIGH,NEW_BRAND_REVIEW_REQUIRED|BATCH_SLUG_COLLISION|SOURCE_PRICE_NOT_MAPPED_TO_APPROXIMATE_RANGE
196,https://shop.lenavelur.com/shop/damska-chanta-estestvena-koja-423-byala/,Дамска чанта от естествена кожа,Лена Велур,REVIEW,HIGH,NEW_BRAND_REVIEW_REQUIRED|BATCH_SLUG_COLLISION|SOURCE_PRICE_NOT_MAPPED_TO_APPROXIMATE_RANGE
197,https://shop.lenavelur.com/shop/malka-damska-ranica-estestvena-koja-105-jalta/,Малка дамска раница от естествена кожа,Лена Велур,REVIEW,HIGH,NEW_BRAND_REVIEW_REQUIRED|SOURCE_PRICE_NOT_MAPPED_TO_APPROXIMATE_RANGE
198,https://shop.lenavelur.com/shop/knigorazdelitel-estestvena-koja-rachno-risuvan/,Книгоразделител от естествена кожа-ръчно рисуван,Лена Велур,REVIEW,MEDIUM,NEW_BRAND_REVIEW_REQUIRED|MISSING_CATEGORY|MISSING_SUBCATEGORY|MISSING_PRODUCT_TYPE|SOURCE_PRICE_NOT_MAPPED_TO_APPROXIMATE_RANGE
199,https://shop.lenavelur.com/shop/kojena-podlojka-mishka/,Кожена подложка за мишка,Лена Велур,REVIEW,MEDIUM,NEW_BRAND_REVIEW_REQUIRED|MISSING_CATEGORY|MISSING_SUBCATEGORY|MISSING_PRODUCT_TYPE|SOURCE_PRICE_NOT_MAPPED_TO_APPROXIMATE_RANGE
200,https://shop.lenavelur.com/shop/klyuchodarjatel-lena/,Ключодържател Лена,Лена Велур,REVIEW,HIGH,NEW_BRAND_REVIEW_REQUIRED|SOURCE_PRICE_NOT_MAPPED_TO_APPROXIMATE_RANGE
201,https://shop.lenavelur.com/shop/damski-majki-kolani/,Дамски и мъжки колани,Лена Велур,REVIEW,MEDIUM,NEW_BRAND_REVIEW_REQUIRED|MISSING_CATEGORY|MISSING_SUBCATEGORY|MISSING_PRODUCT_TYPE
202,https://shop.lenavelur.com/shop/stilen-kalaf-butilka/,Стилен калъф за бутилка,Лена Велур,REVIEW,MEDIUM,NEW_BRAND_REVIEW_REQUIRED|MISSING_CATEGORY|MISSING_SUBCATEGORY|MISSING_PRODUCT_TYPE|SOURCE_PRICE_NOT_MAPPED_TO_APPROXIMATE_RANGE
203,https://shop.lenavelur.com/shop/pungiya-tyutyun/,Пунгия за тютюн,Лена Велур,REVIEW,MEDIUM,NEW_BRAND_REVIEW_REQUIRED|MISSING_CATEGORY|MISSING_SUBCATEGORY|MISSING_PRODUCT_TYPE|SOURCE_PRICE_NOT_MAPPED_TO_APPROXIMATE_RANGE
204,https://shop.lenavelur.com/shop/chanta-luli/,Чанта за лули,Лена Велур,REVIEW,HIGH,NEW_BRAND_REVIEW_REQUIRED|SOURCE_PRICE_NOT_MAPPED_TO_APPROXIMATE_RANGE
205,https://shop.lenavelur.com/shop/postavka-estestvena-koja-lula/,Поставка за лула от естествена кожа,Лена Велур,REVIEW,MEDIUM,NEW_BRAND_REVIEW_REQUIRED|MISSING_CATEGORY|MISSING_SUBCATEGORY|MISSING_PRODUCT_TYPE|SOURCE_PRICE_NOT_MAPPED_TO_APPROXIMATE_RANGE
206,https://nedistil.com/majki-kojeni-sandali/,Мъжки кожени сандали от естествена кожа | Размери 40–44,Неди Стил,REVIEW,HIGH,NEW_BRAND_REVIEW_REQUIRED
207,https://nedistil.com/27660-brown/,27660 Brown - Неди Стил,Неди Стил,REVIEW,HIGH,NEW_BRAND_REVIEW_REQUIRED|MISSING_DESCRIPTION|MISSING_MATERIALS
208,https://nedistil.com/27670-brown-avocado/,27670 Brown & Avocado - Неди Стил,Неди Стил,REVIEW,HIGH,NEW_BRAND_REVIEW_REQUIRED|MISSING_DESCRIPTION|MISSING_MATERIALS
209,https://nedistil.com/27680-brown-avocado/,27680 Brown - Неди Стил,Неди Стил,REVIEW,HIGH,NEW_BRAND_REVIEW_REQUIRED|MISSING_DESCRIPTION|MISSING_MATERIALS
210,https://nedistil.com/27660-black/,27660 Black - Неди Стил,Неди Стил,REVIEW,HIGH,NEW_BRAND_REVIEW_REQUIRED|MISSING_DESCRIPTION|MISSING_MATERIALS
211,https://nedistil.com/27670-black/,27670 Black - Неди Стил,Неди Стил,REVIEW,HIGH,NEW_BRAND_REVIEW_REQUIRED|MISSING_DESCRIPTION|MISSING_MATERIALS
212,https://nedistil.com/elegantni-muzhki-kozeni-boti/,Елегантни мъжки кожени боти от естествена кожа – класически модел,Неди Стил,REVIEW,HIGH,NEW_BRAND_REVIEW_REQUIRED|MISSING_MATERIALS
213,https://nedistil.com/mzhki-ofitsialni-derbi-obuvki-2123-мъжкиобувки-луксозниобувки-к/,Мъжки официални дерби обувки 2123 - #мъжкиобувки #луксозниобувки #кожениобувки #официалниобувки #бизнесстил #елегантниобувки #естественакожа #мъжкамода #официаленстил #дербиобувки,Неди Стил,REVIEW,HIGH,NEW_BRAND_REVIEW_REQUIRED
214,https://nedistil.com/10973-lupe-grey-nubuck/,10973/ Lupe Grey Nubuck - Неди Стил,Неди Стил,REVIEW,HIGH,NEW_BRAND_REVIEW_REQUIRED|MISSING_DESCRIPTION|MISSING_MATERIALS
215,https://nedistil.com/cherrish/,Cherrish - Неди Стил,Неди Стил,REVIEW,MEDIUM,NEW_BRAND_REVIEW_REQUIRED|MISSING_CATEGORY|MISSING_SUBCATEGORY|MISSING_PRODUCT_TYPE|MISSING_DESCRIPTION|SOURCE_PRICE_NOT_MAPPED_TO_APPROXIMATE_RANGE|MISSING_MATERIALS
216,https://nedistil.com/neds-13/,NedS - Неди Стил,Неди Стил,REVIEW,HIGH,NEW_BRAND_REVIEW_REQUIRED|SOURCE_PRICE_NOT_MAPPED_TO_APPROXIMATE_RANGE|MISSING_MATERIALS
217,https://nedistil.com/struzzo-grey/,Struzzo Grey - Неди Стил,Неди Стил,REVIEW,MEDIUM,NEW_BRAND_REVIEW_REQUIRED|MISSING_CATEGORY|MISSING_SUBCATEGORY|MISSING_PRODUCT_TYPE|MISSING_DESCRIPTION|SOURCE_PRICE_NOT_MAPPED_TO_APPROXIMATE_RANGE|MISSING_MATERIALS
218,https://nedistil.com/banana/,Banana - Неди Стил,Неди Стил,REVIEW,MEDIUM,NEW_BRAND_REVIEW_REQUIRED|MISSING_CATEGORY|MISSING_SUBCATEGORY|MISSING_PRODUCT_TYPE|MISSING_DESCRIPTION|SOURCE_PRICE_NOT_MAPPED_TO_APPROXIMATE_RANGE|MISSING_MATERIALS
219,https://nedistil.com/bag-autumn-24/,Bag Autumn 24 - Неди Стил,Неди Стил,REVIEW,MEDIUM,NEW_BRAND_REVIEW_REQUIRED|MISSING_CATEGORY|MISSING_SUBCATEGORY|MISSING_PRODUCT_TYPE|MISSING_DESCRIPTION|SOURCE_PRICE_NOT_MAPPED_TO_APPROXIMATE_RANGE|MISSING_MATERIALS
220,https://nedistil.com/women-solo/,Women Solo - Неди Стил,Неди Стил,REVIEW,HIGH,NEW_BRAND_REVIEW_REQUIRED|MISSING_DESCRIPTION|MISSING_MATERIALS
221,https://nedistil.com/ajurni-kafyavi-balerinki/,Ажурни кафяви балеринки с камъчета | Размери 36–40,Неди Стил,REVIEW,HIGH,NEW_BRAND_REVIEW_REQUIRED|MISSING_MATERIALS
222,https://nedistil.com/дамски-сандали-air-weave-premium-лекота-комфорт-и/,"Дамски сандали Air Weave Premium – Лекота, комфорт и елегантнос - Неди Стил",Неди Стил,REVIEW,HIGH,NEW_BRAND_REVIEW_REQUIRED|MISSING_MATERIALS
223,https://nedistil.com/дамски-мокасини-luxury-mosaic-premium-edition/,Дамски мокасини Luxury Mosaic – Premium Edition - Неди Стил,Неди Стил,REVIEW,HIGH,NEW_BRAND_REVIEW_REQUIRED|MISSING_MATERIALS
224,https://nedistil.com/sc-blue/,SC Blue - Неди Стил,Неди Стил,REVIEW,HIGH,NEW_BRAND_REVIEW_REQUIRED
225,https://nedistil.com/sc-beige/,SC Marmo - Неди Стил,Неди Стил,REVIEW,HIGH,NEW_BRAND_REVIEW_REQUIRED
226,https://www.cavalerbg.com/c/mzhki-maratonki-22/mzhki-maratonki-estestvena-kozha-byalo-sivo-2471,Мъжки маратонки естествена кожа в бяло и сиво,Cavaler,REVIEW,HIGH,NEW_BRAND_REVIEW_REQUIRED|SOURCE_PRICE_NOT_MAPPED_TO_APPROXIMATE_RANGE
227,https://www.cavalerbg.com/c/nova-kolekciya-18/mzhki-oficialni-obuvki-lastik-perforaciya-2378,Мъжки официални обувки с ластик и перфорация,Cavaler,REVIEW,HIGH,NEW_BRAND_REVIEW_REQUIRED|SOURCE_PRICE_NOT_MAPPED_TO_APPROXIMATE_RANGE
228,https://www.cavalerbg.com/c/turisticheski-obuvki-16/zimni-turisticheski-obuvki-kafyavo-2553,Зимни туристически обувки в кафяво,Cavaler,REVIEW,HIGH,NEW_BRAND_REVIEW_REQUIRED|SOURCE_PRICE_NOT_MAPPED_TO_APPROXIMATE_RANGE
229,https://www.cavalerbg.com/c/turisticheski-obuvki-16/mzhki-turisticheski-obuvki-vodoustoichivi-2521,Мъжки туристически обувки - водоустойчиви,Cavaler,REVIEW,HIGH,NEW_BRAND_REVIEW_REQUIRED|SOURCE_PRICE_NOT_MAPPED_TO_APPROXIMATE_RANGE
230,https://www.cavalerbg.com/c/turisticheski-obuvki-16/planinski-obuvki-cherno-2528,Планински обувки в черно,Cavaler,REVIEW,HIGH,NEW_BRAND_REVIEW_REQUIRED|SOURCE_PRICE_NOT_MAPPED_TO_APPROXIMATE_RANGE
231,https://www.cavalerbg.com/c/sandali-chehli-1/mzhko-kafyavo-2446,Мъжко сабо кафяво,Cavaler,REVIEW,HIGH,NEW_BRAND_REVIEW_REQUIRED|SOURCE_PRICE_NOT_MAPPED_TO_APPROXIMATE_RANGE
232,https://www.cavalerbg.com/c/ezhednevni-2/mzhki-sportni-polovinki-nabuk-bezhov-cvyat-2695,Мъжки спортни половинки от набук в бежов цвят,Cavaler,REVIEW,HIGH,NEW_BRAND_REVIEW_REQUIRED|SOURCE_PRICE_NOT_MAPPED_TO_APPROXIMATE_RANGE|MISSING_MATERIALS
233,https://www.cavalerbg.com/c/ezhednevni-2/mzhki-sportni-polovinki-nabuk-siv-sin-cvyat-2694,Мъжки спортни половинки от набук в сив и син цвят,Cavaler,REVIEW,HIGH,NEW_BRAND_REVIEW_REQUIRED|SOURCE_PRICE_NOT_MAPPED_TO_APPROXIMATE_RANGE|MISSING_MATERIALS
234,https://www.cavalerbg.com/c/mzhki-mokasini-espadrili-15/mzhki-mokasini-cvyat-kamel-2638,Мъжки мокасини в цвят камел,Cavaler,REVIEW,HIGH,NEW_BRAND_REVIEW_REQUIRED|SOURCE_PRICE_NOT_MAPPED_TO_APPROXIMATE_RANGE
235,https://www.cavalerbg.com/c/nova-kolekciya-18/mzhki-mokasini-svetlokafyav-cvyat-2622,Мъжки мокасини в светлокафяв цвят,Cavaler,REVIEW,HIGH,NEW_BRAND_REVIEW_REQUIRED|SOURCE_PRICE_NOT_MAPPED_TO_APPROXIMATE_RANGE
236,https://www.cavalerbg.com/c/oficialni-3/elegantni-mzhki-cherni-obuvki-lastik-cvyat-oliv-2699,Елегантни мъжки черни обувки с ластик в цвят олив,Cavaler,REVIEW,HIGH,NEW_BRAND_REVIEW_REQUIRED|SOURCE_PRICE_NOT_MAPPED_TO_APPROXIMATE_RANGE
237,https://www.cavalerbg.com/c/oficialni-3/mzhki-oficialni-polovinki-tmno-kafyav-cvyat-2680,Мъжки официални половинки в тъмно кафяв цвят,Cavaler,REVIEW,HIGH,NEW_BRAND_REVIEW_REQUIRED|SOURCE_PRICE_NOT_MAPPED_TO_APPROXIMATE_RANGE
238,https://www.cavalerbg.com/c/boti-4/mzhki-klarkove-cvyat-oliv-2692,Мъжки кларкове в цвят олив,Cavaler,REVIEW,HIGH,NEW_BRAND_REVIEW_REQUIRED|MISSING_DESCRIPTION|SOURCE_PRICE_NOT_MAPPED_TO_APPROXIMATE_RANGE|MISSING_MATERIALS
239,https://www.cavalerbg.com/c/boti-4/ezhednevni-mzhki-v-kafyav-cvyat-2659,Ежедневни мъжки боти в кафяв цвят,Cavaler,REVIEW,HIGH,NEW_BRAND_REVIEW_REQUIRED|SOURCE_PRICE_NOT_MAPPED_TO_APPROXIMATE_RANGE
240,https://www.cavalerbg.com/c/boti-4/mzhki-velureni-boti-2444,Мъжки велурени боти,Cavaler,REVIEW,HIGH,NEW_BRAND_REVIEW_REQUIRED|SOURCE_PRICE_NOT_MAPPED_TO_APPROXIMATE_RANGE|MISSING_MATERIALS
241,https://www.cavalerbg.com/c/sportni-8/mzhki-sportni-maratonki-cherno-sivo-2664,Мъжки спортни маратонки в черно и сиво,Cavaler,REVIEW,HIGH,NEW_BRAND_REVIEW_REQUIRED|SOURCE_PRICE_NOT_MAPPED_TO_APPROXIMATE_RANGE
242,https://www.cavalerbg.com/c/nova-kolekciya-18/mzhki-sportni-polovinki-2581,Мъжки спортни половинки,Cavaler,REVIEW,HIGH,NEW_BRAND_REVIEW_REQUIRED|SOURCE_PRICE_NOT_MAPPED_TO_APPROXIMATE_RANGE
243,https://estellashoes.com/produkt/damski-keczove-anisa/,Дамски кецове ANISA,Estella Shoes,REVIEW,HIGH,NEW_BRAND_REVIEW_REQUIRED|SOURCE_PRICE_NOT_MAPPED_TO_APPROXIMATE_RANGE
244,https://estellashoes.com/produkt/damski-loufari-anne/,Дамски лоуфъри ANNE,Estella Shoes,REVIEW,HIGH,NEW_BRAND_REVIEW_REQUIRED|SOURCE_PRICE_NOT_MAPPED_TO_APPROXIMATE_RANGE
245,https://estellashoes.com/produkt/damski-loufari-renee/,Дамски лоуфъри RENEE,Estella Shoes,REVIEW,HIGH,NEW_BRAND_REVIEW_REQUIRED|SOURCE_PRICE_NOT_MAPPED_TO_APPROXIMATE_RANGE|MISSING_MATERIALS
246,https://estellashoes.com/produkt/damski-chehli-brooke/,Дамски чехли BROOKE,Estella Shoes,REVIEW,HIGH,NEW_BRAND_REVIEW_REQUIRED|SOURCE_PRICE_NOT_MAPPED_TO_APPROXIMATE_RANGE
247,https://estellashoes.com/produkt/damski-chehli-mackenzie/,Дамски чехли MACKENZIE,Estella Shoes,REVIEW,HIGH,NEW_BRAND_REVIEW_REQUIRED|SOURCE_PRICE_NOT_MAPPED_TO_APPROXIMATE_RANGE
248,https://estellashoes.com/produkt/damski-chehli-autumn/,Дамски чехли AUTUMN,Estella Shoes,REVIEW,HIGH,NEW_BRAND_REVIEW_REQUIRED|SOURCE_PRICE_NOT_MAPPED_TO_APPROXIMATE_RANGE
249,https://estellashoes.com/produkt/damski-chehli-maren/,Дамски чехли MAREN,Estella Shoes,REVIEW,HIGH,NEW_BRAND_REVIEW_REQUIRED|SOURCE_PRICE_NOT_MAPPED_TO_APPROXIMATE_RANGE
250,https://estellashoes.com/produkt/damski-chehli-arina/,Дамски чехли ARINA,Estella Shoes,REVIEW,HIGH,NEW_BRAND_REVIEW_REQUIRED|SOURCE_PRICE_NOT_MAPPED_TO_APPROXIMATE_RANGE
251,https://estellashoes.com/produkt/damski-botushi-s-ravno-hodilo/,Дамски ботуши с равно ходило HELEN,Estella Shoes,REVIEW,HIGH,NEW_BRAND_REVIEW_REQUIRED|SOURCE_PRICE_NOT_MAPPED_TO_APPROXIMATE_RANGE
252,https://estellashoes.com/produkt/botushi-estestvena-kozha/,Ботуши естествена кожа KELLY,Estella Shoes,REVIEW,HIGH,NEW_BRAND_REVIEW_REQUIRED|SOURCE_PRICE_NOT_MAPPED_TO_APPROXIMATE_RANGE
253,https://estellashoes.com/produkt/damski-cherni-chizmi/,Дамски черни чизми MELANIE,Estella Shoes,REVIEW,HIGH,NEW_BRAND_REVIEW_REQUIRED|SOURCE_PRICE_NOT_MAPPED_TO_APPROXIMATE_RANGE
282,https://gil.bg/tia/kolieta/kolieaya,"Колие ""Ая""",GIL,REVIEW,HIGH,NEW_BRAND_REVIEW_REQUIRED|MISSING_DESCRIPTION|SOURCE_PRICE_NOT_MAPPED_TO_APPROXIMATE_RANGE|MISSING_MATERIALS
283,https://gil.bg/tia/kolieta/koliesay,"Колие ""Сай""",GIL,REVIEW,HIGH,NEW_BRAND_REVIEW_REQUIRED|MISSING_DESCRIPTION|SOURCE_PRICE_NOT_MAPPED_TO_APPROXIMATE_RANGE|MISSING_MATERIALS
284,https://gil.bg/tia/grivni/grivnakay,"Гривна ""Кай""",GIL,REVIEW,HIGH,NEW_BRAND_REVIEW_REQUIRED|MISSING_DESCRIPTION|SOURCE_PRICE_NOT_MAPPED_TO_APPROXIMATE_RANGE|MISSING_MATERIALS
285,https://gil.bg/tia/obeci/obecikarmen,"Обеци ""Кармен""",GIL,REVIEW,HIGH,NEW_BRAND_REVIEW_REQUIRED|MISSING_DESCRIPTION|SOURCE_PRICE_NOT_MAPPED_TO_APPROXIMATE_RANGE|MISSING_MATERIALS
286,https://gil.bg/tia/obeci/obecisay,"Обеци ""Сай""",GIL,REVIEW,HIGH,NEW_BRAND_REVIEW_REQUIRED|MISSING_DESCRIPTION|SOURCE_PRICE_NOT_MAPPED_TO_APPROXIMATE_RANGE|MISSING_MATERIALS
287,https://gil.bg/tia/obeci/obecisaya,"Обеци ""Сая""",GIL,REVIEW,HIGH,NEW_BRAND_REVIEW_REQUIRED|MISSING_DESCRIPTION|SOURCE_PRICE_NOT_MAPPED_TO_APPROXIMATE_RANGE|MISSING_MATERIALS
288,https://gil.bg/tia/obeci/obecirose,"Обеци ""Роуз""",GIL,REVIEW,HIGH,NEW_BRAND_REVIEW_REQUIRED|MISSING_DESCRIPTION|SOURCE_PRICE_NOT_MAPPED_TO_APPROXIMATE_RANGE|MISSING_MATERIALS
289,https://www.ellegemdesigns.com/product-155/elastichna-grivna-s-cheren-turmalin,Еластична гривна с черен турмалин,Elle Gem Designs,REVIEW,HIGH,NEW_BRAND_REVIEW_REQUIRED|SOURCE_PRICE_NOT_MAPPED_TO_APPROXIMATE_RANGE
290,https://www.ellegemdesigns.com/product-156/perleno-kolie-sas-srebarna-zakopchalka,Перлено колие със сребърна закопчалка,Elle Gem Designs,REVIEW,HIGH,NEW_BRAND_REVIEW_REQUIRED|SOURCE_PRICE_NOT_MAPPED_TO_APPROXIMATE_RANGE|MISSING_MATERIALS
291,https://www.ellegemdesigns.com/product-151/grivna-s-morzova-azbuka-po-zayavka-na-klienta,Гривна с морзова азбукa по заявка на клиента,Elle Gem Designs,REVIEW,HIGH,NEW_BRAND_REVIEW_REQUIRED|SOURCE_PRICE_NOT_MAPPED_TO_APPROXIMATE_RANGE
292,https://www.ellegemdesigns.com/product-152/minimalistichna-grivna-s-estestvena-perla,Минималистична гривна с естествена перла,Elle Gem Designs,REVIEW,HIGH,NEW_BRAND_REVIEW_REQUIRED|SOURCE_PRICE_NOT_MAPPED_TO_APPROXIMATE_RANGE|MISSING_MATERIALS
293,https://www.ellegemdesigns.com/product-145/kolie-s-turmalin-srebarna-zakopchalka,"Колие с турмалин, сребърна закопчалка",Elle Gem Designs,REVIEW,HIGH,NEW_BRAND_REVIEW_REQUIRED|SOURCE_PRICE_NOT_MAPPED_TO_APPROXIMATE_RANGE
294,https://www.ellegemdesigns.com/product-141/elastichna-grivna-s-hematit-labradorit-i-vulkanichen-kamak,"Еластична гривна с хематит, лабрадорит и вулканичен камък",Elle Gem Designs,REVIEW,HIGH,NEW_BRAND_REVIEW_REQUIRED|SOURCE_PRICE_NOT_MAPPED_TO_APPROXIMATE_RANGE
295,https://www.ellegemdesigns.com/product-136/kolie-s-cheren-turmalin,Колие с черен турмалин,Elle Gem Designs,REVIEW,HIGH,NEW_BRAND_REVIEW_REQUIRED|SOURCE_PRICE_NOT_MAPPED_TO_APPROXIMATE_RANGE
296,https://www.ellegemdesigns.com/product-126/grivna-za-glezen-s-kamani-na-chakrite,Гривна за глезен с камъни на чакрите.,Elle Gem Designs,REVIEW,HIGH,NEW_BRAND_REVIEW_REQUIRED|SOURCE_PRICE_NOT_MAPPED_TO_APPROXIMATE_RANGE|MISSING_MATERIALS
297,https://www.ellegemdesigns.com/product-125/grivna-s-labradorit-5-mm-manista,Гривна с лабрадорит 5 мм мъниста.,Elle Gem Designs,REVIEW,HIGH,NEW_BRAND_REVIEW_REQUIRED|SOURCE_PRICE_NOT_MAPPED_TO_APPROXIMATE_RANGE
298,https://www.ellegemdesigns.com/product-85/elastichna-grivna-s-tsitrin-cheren-oniks-i-hematit-uspeh-zashtita-shtastie-blagodenstvie,"Еластична гривна с цитрин, черен оникс и хематит. Успех - Защита - Щастие - Благоденствие",Elle Gem Designs,REVIEW,HIGH,NEW_BRAND_REVIEW_REQUIRED|SOURCE_PRICE_NOT_MAPPED_TO_APPROXIMATE_RANGE
299,https://www.ellegemdesigns.com/product-36/prasten-halka-ot-cheren-oniks-uspeh-fokus-zashtita-korenna-chakra,Пръстен халка от черен оникс. Успех - Фокус - Защита - Коренна чакра.,Elle Gem Designs,REVIEW,HIGH,NEW_BRAND_REVIEW_REQUIRED|SOURCE_PRICE_NOT_MAPPED_TO_APPROXIMATE_RANGE|MISSING_MATERIALS
300,https://www.ellegemdesigns.com/product-11/grivna-s-cheren-oniks-i-hematit-zashtita-fokus-uspeh-korenna-chakra,Гривна с черен оникс и хематит. Защита - Фокус - Успех - Коренна чакра,Elle Gem Designs,REVIEW,HIGH,NEW_BRAND_REVIEW_REQUIRED|SOURCE_PRICE_NOT_MAPPED_TO_APPROXIMATE_RANGE|MISSING_MATERIALS
301,https://www.artdesignbeni.com/rachno-izraboteni-obetzi-tiurkoazen-shifon.html,Ръчно изработени обеци Тюркоазен шифон,Art Design Beni,REVIEW,HIGH,NEW_BRAND_REVIEW_REQUIRED|SOURCE_PRICE_NOT_MAPPED_TO_APPROXIMATE_RANGE
302,https://www.artdesignbeni.com/koprineni-obetzi-mentova-neznost.html,Копринени обеци Ментова нежност,Art Design Beni,REVIEW,HIGH,NEW_BRAND_REVIEW_REQUIRED|SOURCE_PRICE_NOT_MAPPED_TO_APPROXIMATE_RANGE
303,https://www.artdesignbeni.com/koprineni-obetzi-biala-perlena-tzvetnost.html,Копринени обеци Бяла перлена цветност,Art Design Beni,REVIEW,HIGH,NEW_BRAND_REVIEW_REQUIRED|SOURCE_PRICE_NOT_MAPPED_TO_APPROXIMATE_RANGE
304,https://www.artdesignbeni.com/avtorska-maslena-kartina-bezkrai.html,Авторска маслена картина Безкрай,Art Design Beni,REVIEW,HIGH,NEW_BRAND_REVIEW_REQUIRED|SOURCE_PRICE_NOT_MAPPED_TO_APPROXIMATE_RANGE|MISSING_MATERIALS
305,https://www.artdesignbeni.com/avtorska-maslena-kartina-ustrem.html,Авторска маслена картина Устрем,Art Design Beni,REVIEW,HIGH,NEW_BRAND_REVIEW_REQUIRED|SOURCE_PRICE_NOT_MAPPED_TO_APPROXIMATE_RANGE|MISSING_MATERIALS
306,https://www.artdesignbeni.com/butikova-art-interiorna-lampa-ot-driftwood-ot-estestveno-darvo.html,Бутикова арт интериорна лампа от driftwood от естествено дърво,Art Design Beni,REVIEW,HIGH,NEW_BRAND_REVIEW_REQUIRED|SOURCE_PRICE_NOT_MAPPED_TO_APPROXIMATE_RANGE
307,https://www.artdesignbeni.com/butikova-art-interiorna-lampa-ot-driftwood-s-artistichen-harakter.html,Бутикова арт интериорна лампа от driftwood с артистичен характер,Art Design Beni,REVIEW,HIGH,NEW_BRAND_REVIEW_REQUIRED|SOURCE_PRICE_NOT_MAPPED_TO_APPROXIMATE_RANGE|MISSING_MATERIALS
308,https://www.artdesignbeni.com/kutiia-sartze-sas-sapuneni-rozi-pliusheno-meche-i-shokolad-merci.html,"Кутия сърце със сапунени рози, плюшено мече и шоколад Merci",Art Design Beni,REVIEW,HIGH,NEW_BRAND_REVIEW_REQUIRED|SOURCE_PRICE_NOT_MAPPED_TO_APPROXIMATE_RANGE|MISSING_MATERIALS
309,https://www.artdesignbeni.com/kutiia-plik-sas-sapuneni-rozi.html,Кутия плик със сапунени рози,Art Design Beni,REVIEW,HIGH,NEW_BRAND_REVIEW_REQUIRED|SOURCE_PRICE_NOT_MAPPED_TO_APPROXIMATE_RANGE|MISSING_MATERIALS
310,https://www.artdesignbeni.com/sapuneni-slanchogledi-i-suhi-tzvetia-v-ratanova-kashpa.html,Сапунени слънчогледи и сухи цветя в ратанова кашпа,Art Design Beni,REVIEW,HIGH,NEW_BRAND_REVIEW_REQUIRED|SOURCE_PRICE_NOT_MAPPED_TO_APPROXIMATE_RANGE|MISSING_MATERIALS
311,https://www.artdesignbeni.com/buket-v-luksozna-kutiia-sas-sapuneni-slanchogledi-rozi-i-suhi-tzvetia.html,"Букет в луксозна кутия със сапунени слънчогледи, рози и сухи цветя",Art Design Beni,REVIEW,HIGH,NEW_BRAND_REVIEW_REQUIRED|SOURCE_PRICE_NOT_MAPPED_TO_APPROXIMATE_RANGE|MISSING_MATERIALS
312,https://www.artdesignbeni.com/liubov-v-luks.html,Любов в лукс,Art Design Beni,REVIEW,MEDIUM,NEW_BRAND_REVIEW_REQUIRED|MISSING_CATEGORY|MISSING_SUBCATEGORY|MISSING_PRODUCT_TYPE|MISSING_MATERIALS
313,https://www.artdesignbeni.com/nebesna-liubov.html,Небесна любов,Art Design Beni,REVIEW,MEDIUM,NEW_BRAND_REVIEW_REQUIRED|MISSING_CATEGORY|MISSING_SUBCATEGORY|MISSING_PRODUCT_TYPE|MISSING_MATERIALS
314,https://www.artdesignbeni.com/oblak-ot-neznost.html,Облак от нежност,Art Design Beni,REVIEW,HIGH,NEW_BRAND_REVIEW_REQUIRED|SOURCE_PRICE_NOT_MAPPED_TO_APPROXIMATE_RANGE|MISSING_MATERIALS
315,https://www.artdesignbeni.com/rozova-mechta.html,Розова мечта,Art Design Beni,REVIEW,MEDIUM,NEW_BRAND_REVIEW_REQUIRED|MISSING_CATEGORY|MISSING_SUBCATEGORY|MISSING_PRODUCT_TYPE|MISSING_MATERIALS
316,https://www.artdesignbeni.com/51-beli-rozi-biala-liubov-.html,51 бели рози „Бяла любов“,Art Design Beni,REVIEW,MEDIUM,NEW_BRAND_REVIEW_REQUIRED|MISSING_CATEGORY|MISSING_SUBCATEGORY|MISSING_PRODUCT_TYPE|SOURCE_PRICE_NOT_MAPPED_TO_APPROXIMATE_RANGE|MISSING_MATERIALS
317,https://www.artdesignbeni.com/biala-gipsofila-v-elegantna-kutiia.html,Бяла гипсофила в елегантна кутия,Art Design Beni,REVIEW,MEDIUM,NEW_BRAND_REVIEW_REQUIRED|MISSING_CATEGORY|MISSING_SUBCATEGORY|MISSING_PRODUCT_TYPE|SOURCE_PRICE_NOT_MAPPED_TO_APPROXIMATE_RANGE|MISSING_MATERIALS
318,https://tofi.bg/damski/damski-chehli/damski-shehli-bela/,Дамски чехли БЕЛА (кафяво),TOFI,REVIEW,HIGH,NEW_BRAND_REVIEW_REQUIRED|SOURCE_PRICE_NOT_MAPPED_TO_APPROXIMATE_RANGE
319,https://tofi.bg/za-doma/kilimi/agneshka-koja/,Агнешка кожа-килим,TOFI,REVIEW,MEDIUM,NEW_BRAND_REVIEW_REQUIRED|MISSING_CATEGORY|MISSING_SUBCATEGORY|MISSING_PRODUCT_TYPE|SOURCE_PRICE_NOT_MAPPED_TO_APPROXIMATE_RANGE|MISSING_MATERIALS
320,https://tofi.bg/onlajn-magazin-za-chehli-pantofi-i-botu/bezhova-shapka-ot-zaeshka-kozha-ushanka-uniseks/,Бежова шапка от заешка кожа - ушанка унисекс,TOFI,REVIEW,MEDIUM,NEW_BRAND_REVIEW_REQUIRED|MISSING_CATEGORY|MISSING_SUBCATEGORY|MISSING_PRODUCT_TYPE|SOURCE_PRICE_NOT_MAPPED_TO_APPROXIMATE_RANGE|MISSING_MATERIALS
321,https://tofi.bg/detski/bebe/bezhovi-bebeshki-buyki-viki-estestvena-agneshka-kozha/,Бежови бебешки буйки ВИКИ - чесна агнешка кожа,TOFI,REVIEW,HIGH,NEW_BRAND_REVIEW_REQUIRED|SOURCE_PRICE_NOT_MAPPED_TO_APPROXIMATE_RANGE|MISSING_MATERIALS
322,https://tofi.bg/detski/bebe/bezhovi-bebeshki-buyki-niki-ot-agneshka-kozha/,Бежови бебешки буйки НИКИ от агнешка кожа,TOFI,REVIEW,MEDIUM,NEW_BRAND_REVIEW_REQUIRED|MISSING_CATEGORY|MISSING_SUBCATEGORY|MISSING_PRODUCT_TYPE|SOURCE_PRICE_NOT_MAPPED_TO_APPROXIMATE_RANGE|MISSING_MATERIALS
323,https://tofi.bg/damski/rakavici/bejovi-damski-rakavici-bez-prasti-puh-i-agneshka-koja/,Бежови дамски ръкавици без пръсти - пух и агнешка кожа,TOFI,REVIEW,MEDIUM,NEW_BRAND_REVIEW_REQUIRED|MISSING_CATEGORY|MISSING_SUBCATEGORY|MISSING_PRODUCT_TYPE|SOURCE_PRICE_NOT_MAPPED_TO_APPROXIMATE_RANGE
324,https://tofi.bg/detski/detski-botushi/bejovi-detski-botushi-miki-toplo-bejovo-s-kafiavi-shevove/,Бежови детски ботуши МИКИ - топло бежово с кафяви шевове,TOFI,REVIEW,HIGH,NEW_BRAND_REVIEW_REQUIRED|SOURCE_PRICE_NOT_MAPPED_TO_APPROXIMATE_RANGE
325,https://tofi.bg/detski/detski-pantofi/bejovi-detski-pantofi-pipi-s-biala-puhkava-iaka/,Бежови детски пантофи ПИПИ с бяла пухкава яка,TOFI,REVIEW,HIGH,NEW_BRAND_REVIEW_REQUIRED|SOURCE_PRICE_NOT_MAPPED_TO_APPROXIMATE_RANGE|MISSING_MATERIALS
326,https://tofi.bg/damski/damski-chehli/bejovi-damski-chehli-miia-kapuchino-s-biala-puhkava-iaka/,Бежови дамски чехли МИЯ - капучино с бяла пухкава яка,TOFI,REVIEW,HIGH,NEW_BRAND_REVIEW_REQUIRED|SOURCE_PRICE_NOT_MAPPED_TO_APPROXIMATE_RANGE
327,https://tofi.bg/detski/detski-chehli/bejovi-detski-chehli-miia-ot-agneshka-koja/,Бежови детски чехли МИЯ от агнешка кожа,TOFI,REVIEW,HIGH,NEW_BRAND_REVIEW_REQUIRED|SOURCE_PRICE_NOT_MAPPED_TO_APPROXIMATE_RANGE
328,https://tofi.bg/onlajn-magazin-za-chehli-pantofi-i-botu/bejzbolna-shapka-s-ushi-ot-teleshka-koja/,Бейзболна шапка с уши от телешка кожа,TOFI,REVIEW,MEDIUM,NEW_BRAND_REVIEW_REQUIRED|MISSING_CATEGORY|MISSING_SUBCATEGORY|MISSING_PRODUCT_TYPE|SOURCE_PRICE_NOT_MAPPED_TO_APPROXIMATE_RANGE|MISSING_MATERIALS
329,https://tofi.bg/damski/botuschi/damski-botushi-mishel/,Ботуши МИШЕЛ (чесна),TOFI,REVIEW,HIGH,NEW_BRAND_REVIEW_REQUIRED|SOURCE_PRICE_NOT_MAPPED_TO_APPROXIMATE_RANGE
330,https://tofi.bg/damski/pantofi/sissy-womens-slippers/,Дамски пантофи СИСИ (натурал),TOFI,REVIEW,HIGH,NEW_BRAND_REVIEW_REQUIRED|SOURCE_PRICE_NOT_MAPPED_TO_APPROXIMATE_RANGE
331,https://tofi.bg/damski/damski-chehli/damski-chekhli-ema-bejavo/,Дамски чехли ЕМА (бежово),TOFI,REVIEW,HIGH,NEW_BRAND_REVIEW_REQUIRED|SOURCE_PRICE_NOT_MAPPED_TO_APPROXIMATE_RANGE
332,https://tofi.bg/damski/damski-chehli/damski-chekhul-zeleno/,Дамски чехли ЕМА (зелено),TOFI,REVIEW,HIGH,NEW_BRAND_REVIEW_REQUIRED|SOURCE_PRICE_NOT_MAPPED_TO_APPROXIMATE_RANGE
333,https://tofi.bg/damski/damski-chehli/damski-chekhli-natural/,Дамски чехли ЕМА (натурал),TOFI,REVIEW,HIGH,NEW_BRAND_REVIEW_REQUIRED|SOURCE_PRICE_NOT_MAPPED_TO_APPROXIMATE_RANGE
334,https://tofi.bg/damski/damski-chehli/damski-chekhli-lilavo/,Дамски чехли ЕМА (лилаво),TOFI,REVIEW,HIGH,NEW_BRAND_REVIEW_REQUIRED|SOURCE_PRICE_NOT_MAPPED_TO_APPROXIMATE_RANGE
335,https://tofi.bg/damski/damski-chehli/damski-chehlil-sofiya-bejovo/,Дамски чехли СОФИЯ (бежово),TOFI,REVIEW,HIGH,NEW_BRAND_REVIEW_REQUIRED|SOURCE_PRICE_NOT_MAPPED_TO_APPROXIMATE_RANGE
336,https://tofi.bg/damski/damski-chehli/damski-shehyl-sofiqrozovo/,Дамски чехли СОФИЯ (розово),TOFI,REVIEW,HIGH,NEW_BRAND_REVIEW_REQUIRED|SOURCE_PRICE_NOT_MAPPED_TO_APPROXIMATE_RANGE
337,https://tofi.bg/onlajn-magazin-za-chehli-pantofi-i-botu/kafiav-majki-kasket-model-golf-ot-teleshka-koja/,"Кафяв мъжки каскет модел ""Голф"" от телешка кожа",TOFI,REVIEW,HIGH,NEW_BRAND_REVIEW_REQUIRED|SOURCE_PRICE_NOT_MAPPED_TO_APPROXIMATE_RANGE|MISSING_MATERIALS
338,https://tofi.bg/majki/majki-chehli/kafiavi-majki-chehli-iavor-ot-agneshka-koja/,Кафяви мъжки чехли ЯВОР от агнешка кожа,TOFI,REVIEW,HIGH,NEW_BRAND_REVIEW_REQUIRED|SOURCE_PRICE_NOT_MAPPED_TO_APPROXIMATE_RANGE
339,https://tofi.bg/za-doma/taburetki/kvadratna-taburetka/,Квадратната табуретка,TOFI,REVIEW,MEDIUM,NEW_BRAND_REVIEW_REQUIRED|MISSING_CATEGORY|MISSING_SUBCATEGORY|MISSING_PRODUCT_TYPE|SOURCE_PRICE_NOT_MAPPED_TO_APPROXIMATE_RANGE|MISSING_MATERIALS
340,https://tofi.bg/za-doma/taburetki/kragla-taburetka/,Кръгла табуретка,TOFI,REVIEW,MEDIUM,NEW_BRAND_REVIEW_REQUIRED|MISSING_CATEGORY|MISSING_SUBCATEGORY|MISSING_PRODUCT_TYPE|SOURCE_PRICE_NOT_MAPPED_TO_APPROXIMATE_RANGE|MISSING_MATERIALS
341,https://tofi.bg/onlajn-magazin-za-chehli-pantofi-i-botu/gift-card-tofi/,Подаръчен ваучер TOFI,TOFI,REVIEW,MEDIUM,NEW_BRAND_REVIEW_REQUIRED|MISSING_CATEGORY|MISSING_SUBCATEGORY|MISSING_PRODUCT_TYPE|SOURCE_PRICE_NOT_MAPPED_TO_APPROXIMATE_RANGE|MISSING_MATERIALS
342,https://tofi.bg/damski/rakavici/rykavici-varaschkibejovo/,Ръкавици ВАРАШКИ (бежово),TOFI,REVIEW,MEDIUM,NEW_BRAND_REVIEW_REQUIRED|MISSING_CATEGORY|MISSING_SUBCATEGORY|MISSING_PRODUCT_TYPE|SOURCE_PRICE_NOT_MAPPED_TO_APPROXIMATE_RANGE
343,https://tofi.bg/detski/bebe/rozovi-bebeshki-bujki-niki-agneshka-koja/,Розови бебешки буйки НИКИ - агнешка кожа,TOFI,REVIEW,MEDIUM,NEW_BRAND_REVIEW_REQUIRED|MISSING_CATEGORY|MISSING_SUBCATEGORY|MISSING_PRODUCT_TYPE|SOURCE_PRICE_NOT_MAPPED_TO_APPROXIMATE_RANGE|MISSING_MATERIALS
344,https://tofi.bg/damski/botuschi/stelki-za-obuvki/,Стелки за обувки,TOFI,REVIEW,HIGH,NEW_BRAND_REVIEW_REQUIRED|SOURCE_PRICE_NOT_MAPPED_TO_APPROXIMATE_RANGE|MISSING_MATERIALS
345,https://tofi.bg/majki/myjki-schapki/cherna-damska-majka-shapka-ivan-ushanka-ot-agneshka-koja/,Черна унисекс шапка ИВАН - ушанка от агнешка кожа,TOFI,REVIEW,MEDIUM,NEW_BRAND_REVIEW_REQUIRED|MISSING_CATEGORY|MISSING_SUBCATEGORY|MISSING_PRODUCT_TYPE|SOURCE_PRICE_NOT_MAPPED_TO_APPROXIMATE_RANGE
370,https://www.bulinnovation.com/bg/product/bio-eterichno-maslo-rozmarin/#tab1,Био етерично масло от Розмарин,BULINNOVATION,REVIEW,MEDIUM,NEW_BRAND_REVIEW_REQUIRED|MISSING_CATEGORY|MISSING_SUBCATEGORY|MISSING_PRODUCT_TYPE|SOURCE_PRICE_NOT_MAPPED_TO_APPROXIMATE_RANGE
371,https://www.bulinnovation.com/bg/product/bio-eterichno-masla-bezsmurtniche/,Био етерично масло от Безсмъртниче,BULINNOVATION,REVIEW,HIGH,NEW_BRAND_REVIEW_REQUIRED|SOURCE_PRICE_NOT_MAPPED_TO_APPROXIMATE_RANGE
372,https://www.bulinnovation.com/bg/product/bio-eterichno-maslo-menta/,Био етерично масло от Мента,BULINNOVATION,REVIEW,MEDIUM,NEW_BRAND_REVIEW_REQUIRED|MISSING_CATEGORY|MISSING_SUBCATEGORY|MISSING_PRODUCT_TYPE|SOURCE_PRICE_NOT_MAPPED_TO_APPROXIMATE_RANGE
373,https://www.bulinnovation.com/bg/product/био-етерично-масло-от-куркума/,Био етерично масло от Куркума,BULINNOVATION,REVIEW,HIGH,NEW_BRAND_REVIEW_REQUIRED|SOURCE_PRICE_NOT_MAPPED_TO_APPROXIMATE_RANGE
374,https://www.bulinnovation.com/bg/product/bio-floralna-voda-ot-rozmarin/,Био флорална вода от Розмарин,BULINNOVATION,REVIEW,MEDIUM,NEW_BRAND_REVIEW_REQUIRED|MISSING_CATEGORY|MISSING_SUBCATEGORY|MISSING_PRODUCT_TYPE|SOURCE_PRICE_NOT_MAPPED_TO_APPROXIMATE_RANGE|MISSING_MATERIALS
375,https://www.bulinnovation.com/bg/product/smes-ot-organichni-floralni-vodi-za-mazna-kosa/,Смес от органични флорални води за Мазна Коса,BULINNOVATION,REVIEW,MEDIUM,NEW_BRAND_REVIEW_REQUIRED|MISSING_CATEGORY|MISSING_SUBCATEGORY|MISSING_PRODUCT_TYPE|SOURCE_PRICE_NOT_MAPPED_TO_APPROXIMATE_RANGE|MISSING_MATERIALS
376,https://www.bulinnovation.com/bg/product/smes-ot-organichni-floralni-vodi-za-syha-kosa/,Смес от органични флорални води за Суха Коса,BULINNOVATION,REVIEW,MEDIUM,NEW_BRAND_REVIEW_REQUIRED|MISSING_CATEGORY|MISSING_SUBCATEGORY|MISSING_PRODUCT_TYPE|SOURCE_PRICE_NOT_MAPPED_TO_APPROXIMATE_RANGE|MISSING_MATERIALS
377,https://www.bulinnovation.com/bg/product/smes-ot-bio-floralni-vodi-za-syha-koja/,Смес от био флорални води за Суха Кожа,BULINNOVATION,REVIEW,MEDIUM,NEW_BRAND_REVIEW_REQUIRED|MISSING_CATEGORY|MISSING_SUBCATEGORY|MISSING_PRODUCT_TYPE|SOURCE_PRICE_NOT_MAPPED_TO_APPROXIMATE_RANGE|MISSING_MATERIALS
378,https://www.bulinnovation.com/bg/product/smes-ot-bio-floralni-vodi-za-mazna-koja/,Смес от био флорални води за Мазна Кожа,BULINNOVATION,REVIEW,MEDIUM,NEW_BRAND_REVIEW_REQUIRED|MISSING_CATEGORY|MISSING_SUBCATEGORY|MISSING_PRODUCT_TYPE|SOURCE_PRICE_NOT_MAPPED_TO_APPROXIMATE_RANGE|MISSING_MATERIALS
379,https://www.bulinnovation.com/bg/product/naturalen-aromatizator-citrus/,Натурален ароматизатор Цитрус,BULINNOVATION,REVIEW,MEDIUM,NEW_BRAND_REVIEW_REQUIRED|MISSING_CATEGORY|MISSING_SUBCATEGORY|MISSING_PRODUCT_TYPE|SOURCE_PRICE_NOT_MAPPED_TO_APPROXIMATE_RANGE|MISSING_MATERIALS
380,https://www.bulinnovation.com/bg/product/bio-floralna-voda-ot-bulgarska-roza/,Био флорална вода от българска Роза,BULINNOVATION,REVIEW,MEDIUM,NEW_BRAND_REVIEW_REQUIRED|MISSING_CATEGORY|MISSING_SUBCATEGORY|MISSING_PRODUCT_TYPE|SOURCE_PRICE_NOT_MAPPED_TO_APPROXIMATE_RANGE|MISSING_MATERIALS
381,https://www.bulinnovation.com/bg/product/naturalen-aromatizator-bql-bor/,Натурален ароматизатор Бял бор,BULINNOVATION,REVIEW,MEDIUM,NEW_BRAND_REVIEW_REQUIRED|MISSING_CATEGORY|MISSING_SUBCATEGORY|MISSING_PRODUCT_TYPE|SOURCE_PRICE_NOT_MAPPED_TO_APPROXIMATE_RANGE|MISSING_MATERIALS
382,https://www.bulinnovation.com/bg/product/naturalen-aromatizator-matochina/,Натурален ароматизатор за спокоен сън Маточина,BULINNOVATION,REVIEW,MEDIUM,NEW_BRAND_REVIEW_REQUIRED|MISSING_CATEGORY|MISSING_SUBCATEGORY|MISSING_PRODUCT_TYPE|SOURCE_PRICE_NOT_MAPPED_TO_APPROXIMATE_RANGE|MISSING_MATERIALS
383,https://damascenashop.net/produkt/honey-rose-150-g/,Мед от рози-150гр.,Damascena,REVIEW,MEDIUM,NEW_BRAND_REVIEW_REQUIRED|MISSING_CATEGORY|MISSING_SUBCATEGORY|MISSING_PRODUCT_TYPE|SOURCE_PRICE_NOT_MAPPED_TO_APPROXIMATE_RANGE|MISSING_MATERIALS
384,https://damascenashop.net/produkt/deo-cream/,Натурален крем-дезодорант,Damascena,REVIEW,HIGH,NEW_BRAND_REVIEW_REQUIRED|SOURCE_PRICE_NOT_MAPPED_TO_APPROXIMATE_RANGE|MISSING_MATERIALS
385,https://damascenashop.net/produkt/rose-roses/,Розе с рози – Пино Ноар,Damascena,REVIEW,MEDIUM,NEW_BRAND_REVIEW_REQUIRED|MISSING_CATEGORY|MISSING_SUBCATEGORY|MISSING_PRODUCT_TYPE|SOURCE_PRICE_NOT_MAPPED_TO_APPROXIMATE_RANGE|MISSING_MATERIALS
386,https://damascenashop.net/produkt/rose-oil-1-ml/,Розово масло 1 гр.,Damascena,REVIEW,MEDIUM,NEW_BRAND_REVIEW_REQUIRED|MISSING_CATEGORY|MISSING_SUBCATEGORY|MISSING_PRODUCT_TYPE|SOURCE_PRICE_NOT_MAPPED_TO_APPROXIMATE_RANGE|MISSING_MATERIALS
387,https://damascenashop.net/produkt/naturalperfumelight/,Натурален парфюм Light,Damascena,REVIEW,MEDIUM,NEW_BRAND_REVIEW_REQUIRED|MISSING_CATEGORY|MISSING_SUBCATEGORY|MISSING_PRODUCT_TYPE|SOURCE_PRICE_NOT_MAPPED_TO_APPROXIMATE_RANGE|MISSING_MATERIALS
388,https://damascenashop.net/produkt/lotionaftersun/,Лосион след слънце,Damascena,REVIEW,MEDIUM,NEW_BRAND_REVIEW_REQUIRED|MISSING_PRODUCT_TYPE|SOURCE_PRICE_NOT_MAPPED_TO_APPROXIMATE_RANGE|MISSING_MATERIALS
389,https://damascenashop.net/produkt/disinfecting-rose/,Дълбоко почистващ флуид Роза (дезинфектант),Damascena,REVIEW,MEDIUM,NEW_BRAND_REVIEW_REQUIRED|MISSING_CATEGORY|MISSING_SUBCATEGORY|MISSING_PRODUCT_TYPE|SOURCE_PRICE_NOT_MAPPED_TO_APPROXIMATE_RANGE|MISSING_MATERIALS
390,https://damascenashop.net/produkt/grape-rose/,Гюлова ракия,Damascena,REVIEW,MEDIUM,NEW_BRAND_REVIEW_REQUIRED|MISSING_CATEGORY|MISSING_SUBCATEGORY|MISSING_PRODUCT_TYPE|SOURCE_PRICE_NOT_MAPPED_TO_APPROXIMATE_RANGE|MISSING_MATERIALS
391,https://damascenashop.net/produkt/balsamlaika/,Балсам за тяло с лайка и лавандула,Damascena,REVIEW,MEDIUM,NEW_BRAND_REVIEW_REQUIRED|MISSING_PRODUCT_TYPE|SOURCE_PRICE_NOT_MAPPED_TO_APPROXIMATE_RANGE|MISSING_MATERIALS
392,https://damascenashop.net/produkt/balsamroses/,Балсам за тяло с невен и роза,Damascena,REVIEW,MEDIUM,NEW_BRAND_REVIEW_REQUIRED|MISSING_PRODUCT_TYPE|SOURCE_PRICE_NOT_MAPPED_TO_APPROXIMATE_RANGE|MISSING_MATERIALS
393,https://damascenashop.net/produkt/dvufazenlotion/,Двуфазен почистващ лосион,Damascena,REVIEW,MEDIUM,NEW_BRAND_REVIEW_REQUIRED|MISSING_PRODUCT_TYPE|SOURCE_PRICE_NOT_MAPPED_TO_APPROXIMATE_RANGE|MISSING_MATERIALS
393,https://ellegemdesigns.com/products/gold-heart-necklace,,Elle Gem Designs,DUPLICATE_INPUT,,EXACT_DUPLICATE_INPUT_URL
