input_index,input_url,domain,detected_brand,status,failure_reason
1,https://dp-silver.com/product/gk2,dp-silver.com,DP Silver,SUCCESS,
2,https://dp-silver.com/product/g151,dp-silver.com,DP Silver,SUCCESS,
3,https://dp-silver.com/product/grivna-za-glezen-kamache,dp-silver.com,DP Silver,SUCCESS,
4,https://dp-silver.com/product/grivna-za-glezen-infiniti,dp-silver.com,DP Silver,SUCCESS,
5,https://dp-silver.com/product/gch1-4,dp-silver.com,DP Silver,SUCCESS,
6,https://dp-silver.com/product/tvarda-tanka-grivna,dp-silver.com,DP Silver,SUCCESS,
7,https://dp-silver.com/product/majka-grivna-s-izdaljeni-elementi,dp-silver.com,DP Silver,SUCCESS,
8,https://dp-silver.com/product/grivna-s-bukva-a,dp-silver.com,DP Silver,SUCCESS,
9,https://dp-silver.com/product/grivna-s-bukva-b,dp-silver.com,DP Silver,SUCCESS,
10,https://dp-silver.com/product/l104,dp-silver.com,DP Silver,SUCCESS,
11,https://dp-silver.com/product/l49,dp-silver.com,DP Silver,SUCCESS,
12,https://dp-silver.com/product/l51k,dp-silver.com,DP Silver,SUCCESS,
13,https://dp-silver.com/product/korda-s-kapkovidno-kamache,dp-silver.com,DP Silver,SUCCESS,
14,https://dp-silver.com/product/kolie-elegans,dp-silver.com,DP Silver,SUCCESS,
15,https://dp-silver.com/product/ob101,dp-silver.com,DP Silver,SUCCESS,
16,https://dp-silver.com/product/f3g,dp-silver.com,DP Silver,SUCCESS,
17,https://dp-silver.com/product/visyashti-ob177,dp-silver.com,DP Silver,SUCCESS,
18,https://dp-silver.com/product/ob91,dp-silver.com,DP Silver,SUCCESS,
19,https://dp-silver.com/product/ob70,dp-silver.com,DP Silver,SUCCESS,
20,https://dp-silver.com/product/ob73,dp-silver.com,DP Silver,SUCCESS,
21,https://dp-silver.com/product/p110,dp-silver.com,DP Silver,SUCCESS,
22,https://dp-silver.com/product/p117,dp-silver.com,DP Silver,SUCCESS,
23,https://dp-silver.com/product/p119,dp-silver.com,DP Silver,SUCCESS,
24,https://dp-silver.com/product/p121,dp-silver.com,DP Silver,SUCCESS,
25,https://dp-silver.com/product/p129,dp-silver.com,DP Silver,SUCCESS,
26,https://dp-silver.com/product/p190,dp-silver.com,DP Silver,SUCCESS,
27,https://dp-silver.com/product/p187,dp-silver.com,DP Silver,SUCCESS,
28,https://dp-silver.com/product/p208,dp-silver.com,DP Silver,SUCCESS,
29,https://dp-silver.com/product/p158,dp-silver.com,DP Silver,SUCCESS,
30,https://dp-silver.com/product/p203,dp-silver.com,DP Silver,SUCCESS,
31,https://dp-silver.com/product/p217,dp-silver.com,DP Silver,SUCCESS,
32,https://dp-silver.com/product/m21,dp-silver.com,DP Silver,SUCCESS,
33,https://dp-silver.com/product/s120,dp-silver.com,DP Silver,SUCCESS,
34,https://dp-silver.com/product/s891,dp-silver.com,DP Silver,SUCCESS,
35,https://dp-silver.com/product/s208,dp-silver.com,DP Silver,SUCCESS,
36,https://dp-silver.com/product/s233,dp-silver.com,DP Silver,SUCCESS,
37,https://dp-silver.com/product/perli-i-nejnost,dp-silver.com,DP Silver,SUCCESS,
38,https://dp-silver.com/product/komplekt-perleno-cvete,dp-silver.com,DP Silver,SUCCESS,
39,https://dp-silver.com/product/personalizirano-kolie-s-ime-poli,dp-silver.com,DP Silver,SUCCESS,
40,https://dp-silver.com/product/personalizirano-kolie-s-ime-gergana,dp-silver.com,DP Silver,SUCCESS,
41,https://dp-silver.com/product/personalizirano-kolie-s-ime-cveta,dp-silver.com,DP Silver,SUCCESS,
42,https://dp-silver.com/product/grivna-s-konec-i-zlatna-bukva,dp-silver.com,DP Silver,SUCCESS,
43,https://dp-silver.com/product/grivna-s-konec-i-zlatna-bukva-2,dp-silver.com,DP Silver,SUCCESS,
44,https://astogold.bg/bg/magazin/kolie-byalo-zlato-14k-estestveni-diamanti-0-14ct-vs-g-asto-gold,astogold.bg,ASTO Gold,SUCCESS,
45,https://astogold.bg/bg/magazin/kolie-rozovo-byalo-zlato-14k-diamanti-0-14ct-vs-g-asto-gold,astogold.bg,ASTO Gold,SUCCESS,
46,https://astogold.bg/bg/magazin/moderen-zlaten-prasten-diamanti-0-21ct-asto-gold,astogold.bg,ASTO Gold,SUCCESS,
47,https://astogold.bg/bg/magazin/zlatni-obetsi-zhalto-zlato-14k-tsirkoni-florin,astogold.bg,ASTO Gold,SUCCESS,
48,https://astogold.bg/bg/magazin/zlatna-visulki-sarce-zhalto-zlato-tsirkon-astogold-1,astogold.bg,ASTO Gold,SUCCESS,
49,https://astogold.bg/bg/magazin/prasten-zhalto-zlato-izumrudi-diamanti-14k-asto-gold,astogold.bg,ASTO Gold,SUCCESS,
50,https://astogold.bg/bg/magazin/godezhen-prasten-byalo-zlato-diamanti-0-09-karata-asto-gold,astogold.bg,ASTO Gold,SUCCESS,
51,https://astogold.bg/bg/magazin/zlatna-grivna-unikalna-pletka-byalo-zhalto-zlato-14k-asto,astogold.bg,ASTO Gold,SUCCESS,
52,https://astogold.bg/bg/magazin/damska-zlatna-grivna-valnoobrazen-dizayn-14k-asto,astogold.bg,ASTO Gold,SUCCESS,
53,https://astogold.bg/bg/magazin/godezhen-prasten-byalo-zlato-diamant-0-18ct-vs1-f-asto-gold,astogold.bg,ASTO Gold,SUCCESS,
54,https://astogold.bg/bg/magazin/zlatni-obetsi-estestveni-diamanti-2x0-24ct-aura-asto-gold,astogold.bg,ASTO Gold,SUCCESS,
55,https://astogold.bg/bg/magazin/prasten-ruby-royal-estestven-rubin-diamanti,astogold.bg,ASTO Gold,SUCCESS,
56,https://astogold.bg/bg/magazin/prasten-aura-mint-zhalto-zlato-14k-0-13ct-diamanti,astogold.bg,ASTO Gold,SUCCESS,
57,https://astogold.bg/bg/magazin/prasten-aura-rose-rozovo-zlato-0-13ct-diamanti,astogold.bg,ASTO Gold,SUCCESS,
58,https://astogold.bg/bg/magazin/diamanten-prasten-royal-asscher-heritage-byalo-zlato,astogold.bg,ASTO Gold,SUCCESS,
59,https://astogold.bg/bg/magazin/diamantena-tenis-grivna-estestveni-diamanti-0-54ct,astogold.bg,ASTO Gold,SUCCESS,
60,https://astogold.bg/bg/magazin/diamanten-prasten-brilliance-byalo-zlato,astogold.bg,ASTO Gold,SUCCESS,
61,https://astogold.bg/bg/magazin/diamanten-prasten-noshtna-elegantnost-sedef,astogold.bg,ASTO Gold,SUCCESS,
62,https://astogold.bg/bg/magazin/diamanten-prasten-belisima-flora-sedef,astogold.bg,ASTO Gold,SUCCESS,
63,https://astogold.bg/bg/magazin/godezhen-prasten-luce-eterna-naturalni-diamanti,astogold.bg,ASTO Gold,SUCCESS,
64,https://bulgariansilver.com/ваучер-за-подарък-002-156,bulgariansilver.com,Bulgarian Silver,SUCCESS,
65,https://bulgariansilver.com/детско-колие-мак--3336-1-2015,bulgariansilver.com,Bulgarian Silver,SUCCESS,
66,https://bulgariansilver.com/детско-сребърно-колие-раче-осмокраче--2539-1-1944,bulgariansilver.com,Bulgarian Silver,SUCCESS,
67,https://bulgariansilver.com/сребърен-пръстен-хелиос--2553-488,bulgariansilver.com,Bulgarian Silver,SUCCESS,
68,https://bulgariansilver.com/сребърен-пръстен-клео-/-цитрин-1-2221,bulgariansilver.com,Bulgarian Silver,SUCCESS,
69,https://bulgariansilver.com/сребърен-комплект-сагенитов-ахат/-уникат-1-2187,bulgariansilver.com,Bulgarian Silver,SUCCESS,
70,https://bulgariansilver.com/сребърен-пръстен-с-нифрит/аметист/цитрин--1-2176,bulgariansilver.com,Bulgarian Silver,SUCCESS,
71,https://bulgariansilver.com/сребърен-комплект-кло--цитрин/-уникат-1-2031,bulgariansilver.com,Bulgarian Silver,SUCCESS,
72,https://bulgariansilver.com/сребърен-пръстен-непал-/-аметрин--аметист-цитрин-1-2224,bulgariansilver.com,Bulgarian Silver,SUCCESS,
73,https://bulgariansilver.com/сребърен-пръстен-кай-/-цитрин-1-2283,bulgariansilver.com,Bulgarian Silver,SUCCESS,
74,https://bulgariansilver.com/сребърен-медальон-св.-георги/-г-1-2086,bulgariansilver.com,Bulgarian Silver,SUCCESS,
75,https://bulgariansilver.com/гривна--1016-/-сребро-и-естествена-кожа-1-2278,bulgariansilver.com,Bulgarian Silver,SUCCESS,
76,https://bulgariansilver.com/сребърен-медальон--2613-1395,bulgariansilver.com,Bulgarian Silver,SUCCESS,
77,https://bulgariansilver.com/сребърен-пръстен-вода-/-планински-кристал-1-2319,bulgariansilver.com,Bulgarian Silver,SUCCESS,
78,https://bulgariansilver.com/сребърен-пръстен-косара-малахит/авантюрин/тзркоаз/розов-кварц/карнеол/оникс/седеф-1-2323,bulgariansilver.com,Bulgarian Silver,SUCCESS,
79,https://bulgariansilver.com/сребърен-пръстен-везни--розов-кварц-706,bulgariansilver.com,Bulgarian Silver,SUCCESS,
80,https://bulgariansilver.com/сребърен-медальон-метор--1-2168,bulgariansilver.com,Bulgarian Silver,SUCCESS,
81,https://bulgariansilver.com/сребърен-комплект-арлета-/-лабрадорит/-уникат-1-2216,bulgariansilver.com,Bulgarian Silver,SUCCESS,
82,https://bulgariansilver.com/сребърен-пръстен-грийн--уникат-/-турмалин-1-2310,bulgariansilver.com,Bulgarian Silver,SUCCESS,
83,https://bulgariansilver.com/сребърен-комплект-лада--2809-м-/-бп-405,bulgariansilver.com,Bulgarian Silver,SUCCESS,
84,https://bulgariansilver.com/сребърен-пръстен-тея--3261-1-2070,bulgariansilver.com,Bulgarian Silver,SUCCESS,
85,https://bulgariansilver.com/сребърен-пръстен-илюзия--3359-718,bulgariansilver.com,Bulgarian Silver,SUCCESS,
86,https://efirgems.com/shop/medalon-sas-7-94-karata-izumrud-i-diamanti/,efirgems.com,EFIR Gems,SUCCESS,
87,https://efirgems.com/shop/obitsi-sas-zambijski-izumrudi/,efirgems.com,EFIR Gems,SUCCESS,
88,https://efirgems.com/shop/kolie-sas-smenyastht-tsveta-si-granat/,efirgems.com,EFIR Gems,SUCCESS,
89,https://efirgems.com/shop/limitirana-visulka-lampa/,efirgems.com,EFIR Gems,SUCCESS,
90,https://efirgems.com/shop/grivna-embracelet/,efirgems.com,EFIR Gems,SUCCESS,
91,https://efirgems.com/shop/prasten-zmii/,efirgems.com,EFIR Gems,SUCCESS,
92,https://efirgems.com/shop/zlatni-obici-skobi/,efirgems.com,EFIR Gems,SUCCESS,
93,https://efirgems.com/shop/zlatni-pafti/,efirgems.com,EFIR Gems,SUCCESS,
94,https://efirgems.com/shop/medalon-kanaticza/,efirgems.com,EFIR Gems,SUCCESS,
95,https://efirgems.com/shop/obiczi-arpalii/,efirgems.com,EFIR Gems,SUCCESS,
96,https://efirgems.com/shop/koktejlen-prasten-s-czitrin-i-diamanti/,efirgems.com,EFIR Gems,SUCCESS,
97,https://efirgems.com/shop/opaldiamonds-pendant/,efirgems.com,EFIR Gems,SUCCESS,
98,https://efirgems.com/shop/7932/,efirgems.com,EFIR Gems,SUCCESS,
99,https://efirgems.com/shop/obiczi-s-vazli/,efirgems.com,EFIR Gems,SUCCESS,
100,https://efirgems.com/shop/prasten-s-vazel/,efirgems.com,EFIR Gems,SUCCESS,
101,https://efirgems.com/shop/prasten-spageti-s-mentov-turmalin/,efirgems.com,EFIR Gems,SUCCESS,
102,https://efirgems.com/shop/prasten-sas-sapfir-sartse/,efirgems.com,EFIR Gems,SUCCESS,
103,https://efirgems.com/shop/prasten-s-rubin-i-diamanti/,efirgems.com,EFIR Gems,SUCCESS,
104,https://efirgems.com/shop/medalon-s-morganit-i-diamanti/,efirgems.com,EFIR Gems,SUCCESS,
105,https://efirgems.com/shop/prasten-have-some-faith-sister-s-diamanti/,efirgems.com,EFIR Gems,SUCCESS,
106,https://efirgems.com/shop/obici-slynce-i-luna/,efirgems.com,EFIR Gems,SUCCESS,
107,https://biju03.com/zlaten-i-diamant-portret-na-prirodata-godezhen-prasten.html,biju03.com,Biju03,SUCCESS,
108,https://biju03.com/zlaten-chashkov-prasten-komplekt-s-byal-diamant.html,biju03.com,Biju03,SUCCESS,
109,https://biju03.com/zlatna-grivna-s-cherven-konetz-bezkrainost-.html,biju03.com,Biju03,SUCCESS,
110,https://biju03.com/zlatna-grivna-s-cherven-konetz-krast-.html,biju03.com,Biju03,SUCCESS,
112,https://biju03.com/ladies-and-mens-wedding-bands.html,biju03.com,Biju03,SUCCESS,
113,https://biju03.com/damska-i-mazka-klasicheski-pravi-svatbeni-halki.html,biju03.com,Biju03,SUCCESS,
114,https://biju03.com/damska-i-mazka-klasicheski-mat-i-polirani-pravi-svatbeni-halki.html,biju03.com,Biju03,SUCCESS,
115,https://biju03.com/brachna-halka-r-6524.html,biju03.com,Biju03,SUCCESS,
116,https://biju03.com/godezen-prasten-4.html,biju03.com,Biju03,SUCCESS,
117,https://biju03.com/godezen-prasten-r-501.html,biju03.com,Biju03,SUCCESS,
118,https://biju03.com/godezen-prasten-r-563.html,biju03.com,Biju03,SUCCESS,
119,https://biju03.com/godezen-prasten-r-5010-6.html,biju03.com,Biju03,SUCCESS,
120,https://artefakti.eu/bg/shop/mini-bg/mini-obitzi/obitsi-krag-xl-2/,artefakti.eu,ARTEFAKTI Jewelry,SUCCESS,
121,https://artefakti.eu/bg/shop/or-bg/or-prasteni/prasten-or/,artefakti.eu,ARTEFAKTI Jewelry,SUCCESS,
122,https://artefakti.eu/bg/shop/mini-bg/mini-obitzi/obitsi-elipsa-m/,artefakti.eu,ARTEFAKTI Jewelry,SUCCESS,
123,https://artefakti.eu/bg/shop/or-bg/or-kolieta/kolie-or/,artefakti.eu,ARTEFAKTI Jewelry,SUCCESS,
124,https://artefakti.eu/bg/shop/gemi-bg/gemi-kolieta/kolie-gemi-rozov-kvarc-dvoyno/,artefakti.eu,ARTEFAKTI Jewelry,SUCCESS,
125,https://artefakti.eu/bg/shop/gemi-bg/gemi-kolieta/kolie-gemi-rozov-kvarts/,artefakti.eu,ARTEFAKTI Jewelry,SUCCESS,
126,https://artefakti.eu/bg/shop/gemi-bg/gemi-kolieta/kolie-gemi-onix/,artefakti.eu,ARTEFAKTI Jewelry,SUCCESS,
127,https://artefakti.eu/bg/shop/gemi-bg/gemi-kolieta/kolie-gemi-ametist-patina/,artefakti.eu,ARTEFAKTI Jewelry,SUCCESS,
128,https://artefakti.eu/bg/shop/cubi-bg/cubi-kolieta/kolie-cubi-oniks/,artefakti.eu,ARTEFAKTI Jewelry,SUCCESS,
129,https://artefakti.eu/bg/shop/cubi-bg/cubi-obitzi/obici-shtift-cubic-m/,artefakti.eu,ARTEFAKTI Jewelry,SUCCESS,
130,https://artefakti.eu/bg/shop/grad-bg/grad-prasteni/prysten-grad-cirkon/,artefakti.eu,ARTEFAKTI Jewelry,SUCCESS,
131,https://artefakti.eu/bg/shop/picta-bg/picta-kragli-sapfir/,artefakti.eu,ARTEFAKTI Jewelry,SUCCESS,
132,https://artefakti.eu/bg/shop/mini-bg/mini-prasteni/prasten-ovalen-kamyk/,artefakti.eu,ARTEFAKTI Jewelry,SUCCESS,
133,https://artefakti.eu/bg/shop/mini-bg/mini-prasteni/prasten-round-stone-sparkle-s/,artefakti.eu,ARTEFAKTI Jewelry,SUCCESS,
134,https://artefakti.eu/bg/shop/mini-bg/mini-obitzi/obitsi-round-stone-sparkle-1-75/,artefakti.eu,ARTEFAKTI Jewelry,SUCCESS,
135,https://artefakti.eu/bg/shop/svatbeni/halki-naturalen-bliasak-paladiewo-bialo-zlato/,artefakti.eu,ARTEFAKTI Jewelry,SUCCESS,
136,https://artefakti.eu/bg/shop/svatbeni/otnovo-zaedno-svatbeni-halki/,artefakti.eu,ARTEFAKTI Jewelry,SUCCESS,
137,https://artefakti.eu/bg/shop/svatbeni/brachni-halki-infinity/,artefakti.eu,ARTEFAKTI Jewelry,SUCCESS,
138,https://artefakti.eu/bg/shop/svatbeni/klasicheski-halki-naturalen-bliasak/,artefakti.eu,ARTEFAKTI Jewelry,SUCCESS,
139,https://adi-shoes.com/product/elegantni-damski-cherni-sandali-yasmin-ot-estestvena-koja-22250-4-blk,adi-shoes.com,ADI Shoes,SUCCESS,
140,https://adi-shoes.com/product/elegantni-damski-bejovi-sandali-yasmin-ot-estestvena-koja-22250-4-bge-adi-shoes,adi-shoes.com,ADI Shoes,SUCCESS,
141,https://adi-shoes.com/product/elegantni-damski-sandali-abigail-ot-estestvena-koja-v-taupe-i-ays-42640-tpe-ice,adi-shoes.com,ADI Shoes,SUCCESS,
142,https://adi-shoes.com/product/elegantni-damski-sandali-scarlett-ot-estestvena-koja-v-byal-i-cheren-cvyat-42445-wte-blk,adi-shoes.com,ADI Shoes,SUCCESS,
143,https://adi-shoes.com/product/elegantni-damski-obuvki-vili-ot-estestvena-koja-v-bejov-cvyat-31670-bge,adi-shoes.com,ADI Shoes,SUCCESS,
144,https://adi-shoes.com/product/elegantni-damski-cherni-boti-jaklin-ot-estestvena-koja-13660-blk,adi-shoes.com,ADI Shoes,SUCCESS,
145,https://adi-shoes.com/product/elegantni-damski-cherni-boti-vivian-ot-estestvena-koja-03671-blk,adi-shoes.com,ADI Shoes,SUCCESS,
146,https://adi-shoes.com/product/elegantni-damski-cherni-botushi-iveta-ot-estestvena-koja-03565-blk-k,adi-shoes.com,ADI Shoes,SUCCESS,
147,https://adi-shoes.com/product/ejednevni-damski-beli-chehli-margo-ot-estestvena-koja-22202-wte,adi-shoes.com,ADI Shoes,SUCCESS,
148,https://adi-shoes.com/product/elegantni-damski-sini-chehli-brenda-ot-estestvena-koja-12605-tblu,adi-shoes.com,ADI Shoes,SUCCESS,
149,https://adi-shoes.com/product/elegantni-damski-bejovi-sandali-nora-ot-estestvena-koja-42645-bge-tpe,adi-shoes.com,ADI Shoes,SUCCESS,
150,https://adi-shoes.com/product/elegantni-damski-cherni-boti-molly-ot-estestvena-koja-adi-shoes,adi-shoes.com,ADI Shoes,SUCCESS,
151,https://adi-shoes.com/product/elegantni-tamnosini-damski-botushi-raya-ot-estestvena-koja,adi-shoes.com,ADI Shoes,SUCCESS,
152,https://adi-shoes.com/product/elegantni-tamnokafyavi-damski-botushi-amalia-ot-estestvena-koja,adi-shoes.com,ADI Shoes,SUCCESS,
153,https://adi-shoes.com/product/elegantni-damski-botushi-amalia-ot-estestvena-koja-v-cheren-cvyat-33700-blk-k,adi-shoes.com,ADI Shoes,SUCCESS,
154,https://adi-shoes.com/product/elegantni-damski-obuvki-ella-ot-estestvena-koja-v-cvyat-taba-adi-shoes,adi-shoes.com,ADI Shoes,SUCCESS,
155,https://adi-shoes.com/product/elegantni-damski-obuvki-otvorena-peta-bianka-ot-estestvena-koja-v-pudra-21474-6-pdr,adi-shoes.com,ADI Shoes,SUCCESS,
156,https://adi-shoes.com/product/elegantni-damski-botushi-raya-ot-estestvena-koja-v-taupe-i-kafyavo-63636-brn-tpe,adi-shoes.com,ADI Shoes,SUCCESS,
157,https://adi-shoes.com/product/elegantni-damski-obuvki-otvorena-peta-andjela-ot-estestvena-koja-v-cheren-cvyat-21602-blk-kng,adi-shoes.com,ADI Shoes,SUCCESS,
158,https://adi-shoes.com/product/elegantni-damski-obuvki-otvorena-peta-andjela-ot-estestvena-koja-v-lilav-cvyat-21602a-dlvd,adi-shoes.com,ADI Shoes,SUCCESS,
159,https://adi-shoes.com/product/elegantni-damski-obuvki-otvorena-peta-carmen-ot-estestvena-koja-v-byal-cvyat,adi-shoes.com,ADI Shoes,SUCCESS,
160,https://adi-shoes.com/product/ejednevni-srebristi-damski-chehli-margo-ot-estestvena-koja-adi-shoes,adi-shoes.com,ADI Shoes,SUCCESS,
161,https://shop.lenavelur.com/shop/kartodarjach-estestvena-koja/,shop.lenavelur.com,Лена Велур,SUCCESS,
162,https://shop.lenavelur.com/shop/damski-chehli-estestvena-koja-kafevi/,shop.lenavelur.com,Лена Велур,SUCCESS,
163,https://shop.lenavelur.com/shop/damski-chehli-estestvena-koja-cherveni/,shop.lenavelur.com,Лена Велур,SUCCESS,
164,https://shop.lenavelur.com/shop/damski-chehli-estestvena-koja-cherni/,shop.lenavelur.com,Лена Велур,SUCCESS,
165,https://shop.lenavelur.com/shop/majki-chehli-estestvena-koja-sivi/,shop.lenavelur.com,Лена Велур,SUCCESS,
166,https://shop.lenavelur.com/shop/majki-chehli-estestvena-koja-cherni/,shop.lenavelur.com,Лена Велур,SUCCESS,
167,https://shop.lenavelur.com/shop/majki-chehli-estestvena-koja-kafevi/,shop.lenavelur.com,Лена Велур,SUCCESS,
168,https://shop.lenavelur.com/shop/vaucher-podarak/,shop.lenavelur.com,Лена Велур,SUCCESS,
169,https://shop.lenavelur.com/shop/majki-toplinki-estestvena-koja-kafevi/,shop.lenavelur.com,Лена Велур,SUCCESS,
170,https://shop.lenavelur.com/shop/majki-toplinki-estestvena-koja-bejovi/,shop.lenavelur.com,Лена Велур,SUCCESS,
171,https://shop.lenavelur.com/shop/detski-toplinki-estestvena-koja-bejovi/,shop.lenavelur.com,Лена Велур,SUCCESS,
172,https://shop.lenavelur.com/shop/detski-toplinki-estestvena-koja-kafevi/,shop.lenavelur.com,Лена Велур,SUCCESS,
173,https://shop.lenavelur.com/shop/detski-toplinki-estestvena-koja-sini/,shop.lenavelur.com,Лена Велур,SUCCESS,
174,https://shop.lenavelur.com/shop/damski-toplinki-estestvena-koja-jalti/,shop.lenavelur.com,Лена Велур,SUCCESS,
175,https://shop.lenavelur.com/shop/damski-toplinki-estestvena-koja-lilavi/,shop.lenavelur.com,Лена Велур,SUCCESS,
176,https://shop.lenavelur.com/shop/profesionalna-chanta-estestvena-koja-chervena/,shop.lenavelur.com,Лена Велур,SUCCESS,
177,https://shop.lenavelur.com/shop/profesionalna-chanta-estestvena-koja-sinya/,shop.lenavelur.com,Лена Велур,SUCCESS,
178,https://shop.lenavelur.com/shop/universalna-patna-chanta-estestvena-koja-sak-bordo/,shop.lenavelur.com,Лена Велур,SUCCESS,
179,https://shop.lenavelur.com/shop/universalna-patna-chanta-estestvena-koja-sak-cherna/,shop.lenavelur.com,Лена Велур,SUCCESS,
180,https://shop.lenavelur.com/shop/majka-chanta-estestvena-koja-412-cherna/,shop.lenavelur.com,Лена Велур,SUCCESS,
181,https://shop.lenavelur.com/shop/biznes-chanta-estestvena-koja-155-cherna/,shop.lenavelur.com,Лена Велур,SUCCESS,
182,https://shop.lenavelur.com/shop/majka-biznes-chanta-estestvena-koja-153-cherna/,shop.lenavelur.com,Лена Велур,SUCCESS,
183,https://shop.lenavelur.com/shop/majka-biznes-chanta-estestvena-koja-152-cherna/,shop.lenavelur.com,Лена Велур,SUCCESS,
184,https://shop.lenavelur.com/shop/majka-biznes-chanta-estestvena-koja-148a-cherna/,shop.lenavelur.com,Лена Велур,SUCCESS,
185,https://shop.lenavelur.com/shop/damska-chanta-estestvena-koja-423-chervena/,shop.lenavelur.com,Лена Велур,SUCCESS,
186,https://shop.lenavelur.com/shop/damska-chanta-estestvena-koja-423-zelena/,shop.lenavelur.com,Лена Велур,SUCCESS,
187,https://shop.lenavelur.com/shop/damska-chanta-estestvena-koja-424-shargen-cherna/,shop.lenavelur.com,Лена Велур,SUCCESS,
188,https://shop.lenavelur.com/shop/damska-chanta-estestvena-koja-424-bejova/,shop.lenavelur.com,Лена Велур,SUCCESS,
189,https://shop.lenavelur.com/shop/damska-chanta-estestvena-koja-424-zelena/,shop.lenavelur.com,Лена Велур,SUCCESS,
190,https://shop.lenavelur.com/shop/damska-chanta-estestvena-koja-424-tamno-sin/,shop.lenavelur.com,Лена Велур,SUCCESS,
191,https://shop.lenavelur.com/shop/damska-chanta-estestvena-koja-421-byala/,shop.lenavelur.com,Лена Велур,SUCCESS,
192,https://shop.lenavelur.com/shop/damska-chanta-tvarda-estestvena-koja-400-cherna/,shop.lenavelur.com,Лена Велур,SUCCESS,
193,https://shop.lenavelur.com/shop/damska-chanta-estestvena-koja-429-cherna/,shop.lenavelur.com,Лена Велур,SUCCESS,
194,https://shop.lenavelur.com/shop/damska-chanta-estestvena-koja-429-siva/,shop.lenavelur.com,Лена Велур,SUCCESS,
195,https://shop.lenavelur.com/shop/damska-chanta-estestvena-koja-428-jalta/,shop.lenavelur.com,Лена Велур,SUCCESS,
196,https://shop.lenavelur.com/shop/damska-chanta-estestvena-koja-423-byala/,shop.lenavelur.com,Лена Велур,SUCCESS,
197,https://shop.lenavelur.com/shop/malka-damska-ranica-estestvena-koja-105-jalta/,shop.lenavelur.com,Лена Велур,SUCCESS,
198,https://shop.lenavelur.com/shop/knigorazdelitel-estestvena-koja-rachno-risuvan/,shop.lenavelur.com,Лена Велур,SUCCESS,
199,https://shop.lenavelur.com/shop/kojena-podlojka-mishka/,shop.lenavelur.com,Лена Велур,SUCCESS,
200,https://shop.lenavelur.com/shop/klyuchodarjatel-lena/,shop.lenavelur.com,Лена Велур,SUCCESS,
201,https://shop.lenavelur.com/shop/damski-majki-kolani/,shop.lenavelur.com,Лена Велур,SUCCESS,
202,https://shop.lenavelur.com/shop/stilen-kalaf-butilka/,shop.lenavelur.com,Лена Велур,SUCCESS,
203,https://shop.lenavelur.com/shop/pungiya-tyutyun/,shop.lenavelur.com,Лена Велур,SUCCESS,
204,https://shop.lenavelur.com/shop/chanta-luli/,shop.lenavelur.com,Лена Велур,SUCCESS,
205,https://shop.lenavelur.com/shop/postavka-estestvena-koja-lula/,shop.lenavelur.com,Лена Велур,SUCCESS,
206,https://nedistil.com/majki-kojeni-sandali/,nedistil.com,Неди Стил,SUCCESS,
207,https://nedistil.com/27660-brown/,nedistil.com,Неди Стил,SUCCESS,
208,https://nedistil.com/27670-brown-avocado/,nedistil.com,Неди Стил,SUCCESS,
209,https://nedistil.com/27680-brown-avocado/,nedistil.com,Неди Стил,SUCCESS,
210,https://nedistil.com/27660-black/,nedistil.com,Неди Стил,SUCCESS,
211,https://nedistil.com/27670-black/,nedistil.com,Неди Стил,SUCCESS,
212,https://nedistil.com/elegantni-muzhki-kozeni-boti/,nedistil.com,Неди Стил,SUCCESS,
213,https://nedistil.com/mzhki-ofitsialni-derbi-obuvki-2123-мъжкиобувки-луксозниобувки-к/,nedistil.com,Неди Стил,SUCCESS,
214,https://nedistil.com/10973-lupe-grey-nubuck/,nedistil.com,Неди Стил,SUCCESS,
215,https://nedistil.com/cherrish/,nedistil.com,Неди Стил,SUCCESS,
216,https://nedistil.com/neds-13/,nedistil.com,Неди Стил,SUCCESS,
217,https://nedistil.com/struzzo-grey/,nedistil.com,Неди Стил,SUCCESS,
218,https://nedistil.com/banana/,nedistil.com,Неди Стил,SUCCESS,
219,https://nedistil.com/bag-autumn-24/,nedistil.com,Неди Стил,SUCCESS,
220,https://nedistil.com/women-solo/,nedistil.com,Неди Стил,SUCCESS,
221,https://nedistil.com/ajurni-kafyavi-balerinki/,nedistil.com,Неди Стил,SUCCESS,
222,https://nedistil.com/дамски-сандали-air-weave-premium-лекота-комфорт-и/,nedistil.com,Неди Стил,SUCCESS,
223,https://nedistil.com/дамски-мокасини-luxury-mosaic-premium-edition/,nedistil.com,Неди Стил,SUCCESS,
224,https://nedistil.com/sc-blue/,nedistil.com,Неди Стил,SUCCESS,
225,https://nedistil.com/sc-beige/,nedistil.com,Неди Стил,SUCCESS,
226,https://www.cavalerbg.com/c/mzhki-maratonki-22/mzhki-maratonki-estestvena-kozha-byalo-sivo-2471,cavalerbg.com,Cavaler,SUCCESS,
227,https://www.cavalerbg.com/c/nova-kolekciya-18/mzhki-oficialni-obuvki-lastik-perforaciya-2378,cavalerbg.com,Cavaler,SUCCESS,
228,https://www.cavalerbg.com/c/turisticheski-obuvki-16/zimni-turisticheski-obuvki-kafyavo-2553,cavalerbg.com,Cavaler,SUCCESS,
229,https://www.cavalerbg.com/c/turisticheski-obuvki-16/mzhki-turisticheski-obuvki-vodoustoichivi-2521,cavalerbg.com,Cavaler,SUCCESS,
230,https://www.cavalerbg.com/c/turisticheski-obuvki-16/planinski-obuvki-cherno-2528,cavalerbg.com,Cavaler,SUCCESS,
231,https://www.cavalerbg.com/c/sandali-chehli-1/mzhko-kafyavo-2446,cavalerbg.com,Cavaler,SUCCESS,
232,https://www.cavalerbg.com/c/ezhednevni-2/mzhki-sportni-polovinki-nabuk-bezhov-cvyat-2695,cavalerbg.com,Cavaler,SUCCESS,
233,https://www.cavalerbg.com/c/ezhednevni-2/mzhki-sportni-polovinki-nabuk-siv-sin-cvyat-2694,cavalerbg.com,Cavaler,SUCCESS,
234,https://www.cavalerbg.com/c/mzhki-mokasini-espadrili-15/mzhki-mokasini-cvyat-kamel-2638,cavalerbg.com,Cavaler,SUCCESS,
235,https://www.cavalerbg.com/c/nova-kolekciya-18/mzhki-mokasini-svetlokafyav-cvyat-2622,cavalerbg.com,Cavaler,SUCCESS,
236,https://www.cavalerbg.com/c/oficialni-3/elegantni-mzhki-cherni-obuvki-lastik-cvyat-oliv-2699,cavalerbg.com,Cavaler,SUCCESS,
237,https://www.cavalerbg.com/c/oficialni-3/mzhki-oficialni-polovinki-tmno-kafyav-cvyat-2680,cavalerbg.com,Cavaler,SUCCESS,
238,https://www.cavalerbg.com/c/boti-4/mzhki-klarkove-cvyat-oliv-2692,cavalerbg.com,Cavaler,SUCCESS,
239,https://www.cavalerbg.com/c/boti-4/ezhednevni-mzhki-v-kafyav-cvyat-2659,cavalerbg.com,Cavaler,SUCCESS,
240,https://www.cavalerbg.com/c/boti-4/mzhki-velureni-boti-2444,cavalerbg.com,Cavaler,SUCCESS,
241,https://www.cavalerbg.com/c/sportni-8/mzhki-sportni-maratonki-cherno-sivo-2664,cavalerbg.com,Cavaler,SUCCESS,
242,https://www.cavalerbg.com/c/nova-kolekciya-18/mzhki-sportni-polovinki-2581,cavalerbg.com,Cavaler,SUCCESS,
243,https://estellashoes.com/produkt/damski-keczove-anisa/,estellashoes.com,Estella Shoes,SUCCESS,
244,https://estellashoes.com/produkt/damski-loufari-anne/,estellashoes.com,Estella Shoes,SUCCESS,
245,https://estellashoes.com/produkt/damski-loufari-renee/,estellashoes.com,Estella Shoes,SUCCESS,
246,https://estellashoes.com/produkt/damski-chehli-brooke/,estellashoes.com,Estella Shoes,SUCCESS,
247,https://estellashoes.com/produkt/damski-chehli-mackenzie/,estellashoes.com,Estella Shoes,SUCCESS,
248,https://estellashoes.com/produkt/damski-chehli-autumn/,estellashoes.com,Estella Shoes,SUCCESS,
249,https://estellashoes.com/produkt/damski-chehli-maren/,estellashoes.com,Estella Shoes,SUCCESS,
250,https://estellashoes.com/produkt/damski-chehli-arina/,estellashoes.com,Estella Shoes,SUCCESS,
251,https://estellashoes.com/produkt/damski-botushi-s-ravno-hodilo/,estellashoes.com,Estella Shoes,SUCCESS,
252,https://estellashoes.com/produkt/botushi-estestvena-kozha/,estellashoes.com,Estella Shoes,SUCCESS,
253,https://estellashoes.com/produkt/damski-cherni-chizmi/,estellashoes.com,Estella Shoes,SUCCESS,
254,https://galdini.net/damski-ketsove-ot-estestvena-kozha-i-velur-v-bezhov-tsvyat-s-efekten-kosam-4387,galdini.net,,FAILED,HTTP_403
255,https://galdini.net/damski-ketsove-ot-estestvena-kozha-i-velur-v-kafyav-tsvyat-s-aktsent-kosam-4388,galdini.net,,FAILED,HTTP_403
256,https://galdini.net/damski-boti-tip-kubinki-v-cherno-ot-estestvena-kozha-s-efekten-dizayn-i-podvizhen-kolan-3869,galdini.net,,FAILED,HTTP_403
257,https://galdini.net/damski-mokasini-ot-estestvena-kozha-v-cheren-tsvyat-s-efekten-dizayn-6098,galdini.net,,FAILED,HTTP_403
258,https://galdini.net/damski-mokasini-ot-estestven-lak-v-cheren-tsvyat-sas-srebrista-katarama-6099,galdini.net,,FAILED,HTTP_403
259,https://galdini.net/damski-obuvki-ot-estestvena-kozha-v-bezhov-tsvyat-s-kaishka-i-tanak-tok,galdini.net,,FAILED,HTTP_403
260,https://galdini.net/damski-obuvki-ot-estestvena-kozha-v-cheren-tsvyat-s-kaishka-i-tanak-tok,galdini.net,,FAILED,HTTP_403
261,https://galdini.net/damski-obuvki-ot-estestvena-kozha-v-cheren-tsvyat-na-udoben-tanak-tok,galdini.net,,FAILED,HTTP_403
262,https://galdini.net/damski-obuvki-ot-estsestvena-kozha-v-byal-tsvyat-s-aktsent-pandelka-4426,galdini.net,,FAILED,HTTP_403
263,https://galdini.net/damski-obuvki-ot-estestvena-kozha-v-kremav-tsvyat-s-nezhna-pandelka-i-otvorena-peta-1318,galdini.net,,FAILED,HTTP_403
264,https://galdini.net/elegantni-damski-obuvki-na-tok-ot-estestvena-kozha-v-bezhov-tsvyat-4427,galdini.net,,FAILED,HTTP_403
265,https://galdini.net/damsko-obuvki-ot-estestvena-lak-v-tamnobezhov-tsvyat-s-otvorena-peta-i-udoben-tok,galdini.net,,FAILED,HTTP_403
266,https://galdini.net/elegantni-obuvki-ot-estestvena-kozha-na-tok-v-kafyav-tsvyat-4417,galdini.net,,FAILED,HTTP_403
267,https://galdini.net/damski-obuvki-ot-estestvena-kozha-v-cheren-tsvyat-na-udoben-tok,galdini.net,,FAILED,HTTP_403
268,https://galdini.net/elegantni-obuvki-ot-estestvena-kozha-v-cheren-tsvyat-na-visok-tok-4383,galdini.net,,FAILED,HTTP_403
269,https://galdini.net/damski-obuvki-ot-estestven-lak-v-bezhov-tsvyat-na-visok-tok-4312,galdini.net,,FAILED,HTTP_403
270,https://galdini.net/damski-obuvki-na-tok-ot-estestvena-kozha-v-tsvyat-grafit-s-kamani-4167,galdini.net,,FAILED,HTTP_403
271,https://galdini.net/damski-sandali-ot-estestven-lak-v-bezhov-tsvyat-na-visok-tanak-tok-1085,galdini.net,,FAILED,HTTP_403
272,https://galdini.net/nezhni-damski-sandali-v-bezhov-tsvyat-ot-estestvena-kozha-s-kaishka-i-otvorena-peta-4028,galdini.net,,FAILED,HTTP_403
273,https://galdini.net/damski-bezhovi-obuvki-ot-estestven-lak-s-shikozen-dizayn-4004,galdini.net,,FAILED,HTTP_403
274,https://galdini.net/damski-obuvki-na-tok-ot-estestven-lak-v-cherven-tsvyat-s-nezhen-dizayn-4006,galdini.net,,FAILED,HTTP_403
275,https://galdini.net/damski-obuvki-ot-estestvena-kozha-v-rozov-tsvyat-na-visok-tok,galdini.net,,FAILED,HTTP_403
276,https://galdini.net/moderni-damski-obuvki-na-visok-tok-ot-estestvena-kozha-v-cherno-byal,galdini.net,,FAILED,HTTP_403
277,https://galdini.net/damski-obuvki-s-efekten-desen-na-visok-tok-ot-estesvena-kozha-3615,galdini.net,,FAILED,HTTP_403
278,https://galdini.net/elegantni-damski-obuvki-na-visok-tok-v-byalo-ot-estest,galdini.net,,FAILED,HTTP_403
279,https://galdini.net/elegantni-damski-obuvki-ot-estestvena-kozha-v-nezhen-perlen-sin-tsvyat-na-tanak-tok-3357,galdini.net,,FAILED,HTTP_403
280,https://galdini.net/elegantni-damski-obuvki-ot-estestvena-kozha-na-visok-tanak-tok-i-nezhen-dizayn-v-svetlorozovo-3237,galdini.net,,FAILED,HTTP_403
281,https://galdini.net/oficialni-damski-obuvki-ot-estestven-lak-v-bezhov-cvyat-63,galdini.net,,FAILED,HTTP_403
282,https://gil.bg/tia/kolieta/kolieaya,gil.bg,GIL,SUCCESS,
283,https://gil.bg/tia/kolieta/koliesay,gil.bg,GIL,SUCCESS,
284,https://gil.bg/tia/grivni/grivnakay,gil.bg,GIL,SUCCESS,
285,https://gil.bg/tia/obeci/obecikarmen,gil.bg,GIL,SUCCESS,
286,https://gil.bg/tia/obeci/obecisay,gil.bg,GIL,SUCCESS,
287,https://gil.bg/tia/obeci/obecisaya,gil.bg,GIL,SUCCESS,
288,https://gil.bg/tia/obeci/obecirose,gil.bg,GIL,SUCCESS,
289,https://www.ellegemdesigns.com/product-155/elastichna-grivna-s-cheren-turmalin,ellegemdesigns.com,Elle Gem Designs,SUCCESS,
290,https://www.ellegemdesigns.com/product-156/perleno-kolie-sas-srebarna-zakopchalka,ellegemdesigns.com,Elle Gem Designs,SUCCESS,
291,https://www.ellegemdesigns.com/product-151/grivna-s-morzova-azbuka-po-zayavka-na-klienta,ellegemdesigns.com,Elle Gem Designs,SUCCESS,
292,https://www.ellegemdesigns.com/product-152/minimalistichna-grivna-s-estestvena-perla,ellegemdesigns.com,Elle Gem Designs,SUCCESS,
293,https://www.ellegemdesigns.com/product-145/kolie-s-turmalin-srebarna-zakopchalka,ellegemdesigns.com,Elle Gem Designs,SUCCESS,
294,https://www.ellegemdesigns.com/product-141/elastichna-grivna-s-hematit-labradorit-i-vulkanichen-kamak,ellegemdesigns.com,Elle Gem Designs,SUCCESS,
295,https://www.ellegemdesigns.com/product-136/kolie-s-cheren-turmalin,ellegemdesigns.com,Elle Gem Designs,SUCCESS,
296,https://www.ellegemdesigns.com/product-126/grivna-za-glezen-s-kamani-na-chakrite,ellegemdesigns.com,Elle Gem Designs,SUCCESS,
297,https://www.ellegemdesigns.com/product-125/grivna-s-labradorit-5-mm-manista,ellegemdesigns.com,Elle Gem Designs,SUCCESS,
298,https://www.ellegemdesigns.com/product-85/elastichna-grivna-s-tsitrin-cheren-oniks-i-hematit-uspeh-zashtita-shtastie-blagodenstvie,ellegemdesigns.com,Elle Gem Designs,SUCCESS,
299,https://www.ellegemdesigns.com/product-36/prasten-halka-ot-cheren-oniks-uspeh-fokus-zashtita-korenna-chakra,ellegemdesigns.com,Elle Gem Designs,SUCCESS,
300,https://www.ellegemdesigns.com/product-11/grivna-s-cheren-oniks-i-hematit-zashtita-fokus-uspeh-korenna-chakra,ellegemdesigns.com,Elle Gem Designs,SUCCESS,
301,https://www.artdesignbeni.com/rachno-izraboteni-obetzi-tiurkoazen-shifon.html,artdesignbeni.com,Art Design Beni,SUCCESS,
302,https://www.artdesignbeni.com/koprineni-obetzi-mentova-neznost.html,artdesignbeni.com,Art Design Beni,SUCCESS,
303,https://www.artdesignbeni.com/koprineni-obetzi-biala-perlena-tzvetnost.html,artdesignbeni.com,Art Design Beni,SUCCESS,
304,https://www.artdesignbeni.com/avtorska-maslena-kartina-bezkrai.html,artdesignbeni.com,Art Design Beni,SUCCESS,
305,https://www.artdesignbeni.com/avtorska-maslena-kartina-ustrem.html,artdesignbeni.com,Art Design Beni,SUCCESS,
306,https://www.artdesignbeni.com/butikova-art-interiorna-lampa-ot-driftwood-ot-estestveno-darvo.html,artdesignbeni.com,Art Design Beni,SUCCESS,
307,https://www.artdesignbeni.com/butikova-art-interiorna-lampa-ot-driftwood-s-artistichen-harakter.html,artdesignbeni.com,Art Design Beni,SUCCESS,
308,https://www.artdesignbeni.com/kutiia-sartze-sas-sapuneni-rozi-pliusheno-meche-i-shokolad-merci.html,artdesignbeni.com,Art Design Beni,SUCCESS,
309,https://www.artdesignbeni.com/kutiia-plik-sas-sapuneni-rozi.html,artdesignbeni.com,Art Design Beni,SUCCESS,
310,https://www.artdesignbeni.com/sapuneni-slanchogledi-i-suhi-tzvetia-v-ratanova-kashpa.html,artdesignbeni.com,Art Design Beni,SUCCESS,
311,https://www.artdesignbeni.com/buket-v-luksozna-kutiia-sas-sapuneni-slanchogledi-rozi-i-suhi-tzvetia.html,artdesignbeni.com,Art Design Beni,SUCCESS,
312,https://www.artdesignbeni.com/liubov-v-luks.html,artdesignbeni.com,Art Design Beni,SUCCESS,
313,https://www.artdesignbeni.com/nebesna-liubov.html,artdesignbeni.com,Art Design Beni,SUCCESS,
314,https://www.artdesignbeni.com/oblak-ot-neznost.html,artdesignbeni.com,Art Design Beni,SUCCESS,
315,https://www.artdesignbeni.com/rozova-mechta.html,artdesignbeni.com,Art Design Beni,SUCCESS,
316,https://www.artdesignbeni.com/51-beli-rozi-biala-liubov-.html,artdesignbeni.com,Art Design Beni,SUCCESS,
317,https://www.artdesignbeni.com/biala-gipsofila-v-elegantna-kutiia.html,artdesignbeni.com,Art Design Beni,SUCCESS,
318,https://tofi.bg/damski/damski-chehli/damski-shehli-bela/,tofi.bg,TOFI,SUCCESS,
319,https://tofi.bg/za-doma/kilimi/agneshka-koja/,tofi.bg,TOFI,SUCCESS,
320,https://tofi.bg/onlajn-magazin-za-chehli-pantofi-i-botu/bezhova-shapka-ot-zaeshka-kozha-ushanka-uniseks/,tofi.bg,TOFI,SUCCESS,
321,https://tofi.bg/detski/bebe/bezhovi-bebeshki-buyki-viki-estestvena-agneshka-kozha/,tofi.bg,TOFI,SUCCESS,
322,https://tofi.bg/detski/bebe/bezhovi-bebeshki-buyki-niki-ot-agneshka-kozha/,tofi.bg,TOFI,SUCCESS,
323,https://tofi.bg/damski/rakavici/bejovi-damski-rakavici-bez-prasti-puh-i-agneshka-koja/,tofi.bg,TOFI,SUCCESS,
324,https://tofi.bg/detski/detski-botushi/bejovi-detski-botushi-miki-toplo-bejovo-s-kafiavi-shevove/,tofi.bg,TOFI,SUCCESS,
325,https://tofi.bg/detski/detski-pantofi/bejovi-detski-pantofi-pipi-s-biala-puhkava-iaka/,tofi.bg,TOFI,SUCCESS,
326,https://tofi.bg/damski/damski-chehli/bejovi-damski-chehli-miia-kapuchino-s-biala-puhkava-iaka/,tofi.bg,TOFI,SUCCESS,
327,https://tofi.bg/detski/detski-chehli/bejovi-detski-chehli-miia-ot-agneshka-koja/,tofi.bg,TOFI,SUCCESS,
328,https://tofi.bg/onlajn-magazin-za-chehli-pantofi-i-botu/bejzbolna-shapka-s-ushi-ot-teleshka-koja/,tofi.bg,TOFI,SUCCESS,
329,https://tofi.bg/damski/botuschi/damski-botushi-mishel/,tofi.bg,TOFI,SUCCESS,
330,https://tofi.bg/damski/pantofi/sissy-womens-slippers/,tofi.bg,TOFI,SUCCESS,
331,https://tofi.bg/damski/damski-chehli/damski-chekhli-ema-bejavo/,tofi.bg,TOFI,SUCCESS,
332,https://tofi.bg/damski/damski-chehli/damski-chekhul-zeleno/,tofi.bg,TOFI,SUCCESS,
333,https://tofi.bg/damski/damski-chehli/damski-chekhli-natural/,tofi.bg,TOFI,SUCCESS,
334,https://tofi.bg/damski/damski-chehli/damski-chekhli-lilavo/,tofi.bg,TOFI,SUCCESS,
335,https://tofi.bg/damski/damski-chehli/damski-chehlil-sofiya-bejovo/,tofi.bg,TOFI,SUCCESS,
336,https://tofi.bg/damski/damski-chehli/damski-shehyl-sofiqrozovo/,tofi.bg,TOFI,SUCCESS,
337,https://tofi.bg/onlajn-magazin-za-chehli-pantofi-i-botu/kafiav-majki-kasket-model-golf-ot-teleshka-koja/,tofi.bg,TOFI,SUCCESS,
338,https://tofi.bg/majki/majki-chehli/kafiavi-majki-chehli-iavor-ot-agneshka-koja/,tofi.bg,TOFI,SUCCESS,
339,https://tofi.bg/za-doma/taburetki/kvadratna-taburetka/,tofi.bg,TOFI,SUCCESS,
340,https://tofi.bg/za-doma/taburetki/kragla-taburetka/,tofi.bg,TOFI,SUCCESS,
341,https://tofi.bg/onlajn-magazin-za-chehli-pantofi-i-botu/gift-card-tofi/,tofi.bg,TOFI,SUCCESS,
342,https://tofi.bg/damski/rakavici/rykavici-varaschkibejovo/,tofi.bg,TOFI,SUCCESS,
343,https://tofi.bg/detski/bebe/rozovi-bebeshki-bujki-niki-agneshka-koja/,tofi.bg,TOFI,SUCCESS,
344,https://tofi.bg/damski/botuschi/stelki-za-obuvki/,tofi.bg,TOFI,SUCCESS,
345,https://tofi.bg/majki/myjki-schapki/cherna-damska-majka-shapka-ivan-ushanka-ot-agneshka-koja/,tofi.bg,TOFI,SUCCESS,
346,https://papinocosmetics.com/product/curl-definer/,papinocosmetics.com,,FAILED,EMPTY_OR_BLOCK_PAGE
347,https://papinocosmetics.com/product/hair-straightening-fluid/,papinocosmetics.com,,FAILED,EMPTY_OR_BLOCK_PAGE
348,https://papinocosmetics.com/product/hair-booster-cream/,papinocosmetics.com,,FAILED,EMPTY_OR_BLOCK_PAGE
349,https://papinocosmetics.com/product/argan-oil-shampoo/,papinocosmetics.com,,FAILED,EMPTY_OR_BLOCK_PAGE
350,https://papinocosmetics.com/product/argan-oil-mask/,papinocosmetics.com,,FAILED,EMPTY_OR_BLOCK_PAGE
351,https://papinocosmetics.com/product/argan-big-bundle/,papinocosmetics.com,,FAILED,EMPTY_OR_BLOCK_PAGE
352,https://papinocosmetics.com/product/argan-oil/,papinocosmetics.com,,FAILED,EMPTY_OR_BLOCK_PAGE
353,https://papinocosmetics.com/product/безсулфатен-шампоан-с-алое-вера-500-мл/,papinocosmetics.com,,FAILED,EMPTY_OR_BLOCK_PAGE
354,https://papinocosmetics.com/product/shampoo-aloe-vera/,papinocosmetics.com,,FAILED,EMPTY_OR_BLOCK_PAGE
355,https://papinocosmetics.com/product/papino-cosmetics-aloe-vera-mask/,papinocosmetics.com,,FAILED,EMPTY_OR_BLOCK_PAGE
356,https://papinocosmetics.com/product/aloe-vera-big-bundle/,papinocosmetics.com,,FAILED,EMPTY_OR_BLOCK_PAGE
357,https://papinocosmetics.com/product/ceramides-milk-protein-shampoo/,papinocosmetics.com,,FAILED,EMPTY_OR_BLOCK_PAGE
358,https://papinocosmetics.com/product/ceramides-milk-protein-mask/,papinocosmetics.com,,FAILED,EMPTY_OR_BLOCK_PAGE
359,https://papinocosmetics.com/product/milk-protein-mask-500/,papinocosmetics.com,,FAILED,EMPTY_OR_BLOCK_PAGE
360,https://papinocosmetics.com/product/milk-proteins-small-bundle/,papinocosmetics.com,,FAILED,EMPTY_OR_BLOCK_PAGE
361,https://papinocosmetics.com/keratin/,papinocosmetics.com,,FAILED,EMPTY_OR_BLOCK_PAGE
362,https://papinocosmetics.com/product/keratin-shampoo/,papinocosmetics.com,,FAILED,EMPTY_OR_BLOCK_PAGE
363,https://papinocosmetics.com/product/shampoo-keratin-small/,papinocosmetics.com,,FAILED,EMPTY_OR_BLOCK_PAGE
364,https://papinocosmetics.com/product/keratin-mask/,papinocosmetics.com,,FAILED,EMPTY_OR_BLOCK_PAGE
365,https://papinocosmetics.com/product/keratin-fluid/,papinocosmetics.com,,FAILED,EMPTY_OR_BLOCK_PAGE
366,https://papinocosmetics.com/product/keratin-golqm-komplekt/,papinocosmetics.com,,FAILED,EMPTY_OR_BLOCK_PAGE
367,https://papinocosmetics.com/product/garlic-shampoo/,papinocosmetics.com,,FAILED,EMPTY_OR_BLOCK_PAGE
368,https://papinocosmetics.com/product/garlic-mask/,papinocosmetics.com,,FAILED,EMPTY_OR_BLOCK_PAGE
369,https://papinocosmetics.com/product/garlic-bundle/,papinocosmetics.com,,FAILED,EMPTY_OR_BLOCK_PAGE
370,https://www.bulinnovation.com/bg/product/bio-eterichno-maslo-rozmarin/#tab1,bulinnovation.com,BULINNOVATION,SUCCESS,
371,https://www.bulinnovation.com/bg/product/bio-eterichno-masla-bezsmurtniche/,bulinnovation.com,BULINNOVATION,SUCCESS,
372,https://www.bulinnovation.com/bg/product/bio-eterichno-maslo-menta/,bulinnovation.com,BULINNOVATION,SUCCESS,
373,https://www.bulinnovation.com/bg/product/био-етерично-масло-от-куркума/,bulinnovation.com,BULINNOVATION,SUCCESS,
374,https://www.bulinnovation.com/bg/product/bio-floralna-voda-ot-rozmarin/,bulinnovation.com,BULINNOVATION,SUCCESS,
375,https://www.bulinnovation.com/bg/product/smes-ot-organichni-floralni-vodi-za-mazna-kosa/,bulinnovation.com,BULINNOVATION,SUCCESS,
376,https://www.bulinnovation.com/bg/product/smes-ot-organichni-floralni-vodi-za-syha-kosa/,bulinnovation.com,BULINNOVATION,SUCCESS,
377,https://www.bulinnovation.com/bg/product/smes-ot-bio-floralni-vodi-za-syha-koja/,bulinnovation.com,BULINNOVATION,SUCCESS,
378,https://www.bulinnovation.com/bg/product/smes-ot-bio-floralni-vodi-za-mazna-koja/,bulinnovation.com,BULINNOVATION,SUCCESS,
379,https://www.bulinnovation.com/bg/product/naturalen-aromatizator-citrus/,bulinnovation.com,BULINNOVATION,SUCCESS,
380,https://www.bulinnovation.com/bg/product/bio-floralna-voda-ot-bulgarska-roza/,bulinnovation.com,BULINNOVATION,SUCCESS,
381,https://www.bulinnovation.com/bg/product/naturalen-aromatizator-bql-bor/,bulinnovation.com,BULINNOVATION,SUCCESS,
382,https://www.bulinnovation.com/bg/product/naturalen-aromatizator-matochina/,bulinnovation.com,BULINNOVATION,SUCCESS,
383,https://damascenashop.net/produkt/honey-rose-150-g/,damascenashop.net,Damascena,SUCCESS,
384,https://damascenashop.net/produkt/deo-cream/,damascenashop.net,Damascena,SUCCESS,
385,https://damascenashop.net/produkt/rose-roses/,damascenashop.net,Damascena,SUCCESS,
386,https://damascenashop.net/produkt/rose-oil-1-ml/,damascenashop.net,Damascena,SUCCESS,
387,https://damascenashop.net/produkt/naturalperfumelight/,damascenashop.net,Damascena,SUCCESS,
388,https://damascenashop.net/produkt/lotionaftersun/,damascenashop.net,Damascena,SUCCESS,
389,https://damascenashop.net/produkt/disinfecting-rose/,damascenashop.net,Damascena,SUCCESS,
390,https://damascenashop.net/produkt/grape-rose/,damascenashop.net,Damascena,SUCCESS,
391,https://damascenashop.net/produkt/balsamlaika/,damascenashop.net,Damascena,SUCCESS,
392,https://damascenashop.net/produkt/balsamroses/,damascenashop.net,Damascena,SUCCESS,
393,https://damascenashop.net/produkt/dvufazenlotion/,damascenashop.net,Damascena,SUCCESS,
